sourceid,kingdomid,rankid,sciname,unitname1,author,sourceparentid,parentstr,acceptance
51658,4,30,Ascomycota,Ascomycota,Caval.-Sm,51657,Fungi,1
51659,4,30,Basidiomycota,Basidiomycota,NULL,51657,Fungi,1
127110,4,40,Pezizomycotina,Pezizomycotina,"O.E. Erikss & Winka",51658,Ascomycota,1
51660,4,60,Ascomycetes,Ascomycetes,NULL,51658,Ascomycota,1
51661,4,60,Basidiomycetes,Basidiomycetes,NULL,51659,Basidiomycota,1
51662,4,60,Ustomycetes,Ustomycetes,NULL,51659,Basidiomycota,1
127041,4,60,Leotiomycetes,Leotiomycetes,"O. E. Erikss. & Winka",127110,Pezizomycotina,1
127111,4,60,Sordariomycetes,Sordariomycetes,"O.E. Erikss. & Winka",127110,Pezizomycotina,1
127136,4,60,Dothideomycetes,Dothideomycetes,"O. E. Erikss. & Winka",127110,Pezizomycotina,1
127138,4,60,Lecanoromycetes,Lecanoromycetes,"O.E. Erikss. & Winka",127110,Pezizomycotina,1
127140,4,60,Eurotiomycetes,Eurotiomycetes,"Tehler ex O. E. Eriksson & K. Winka",127110,Pezizomycotina,1
127289,4,60,Arthoniomycetes,Arthoniomycetes,"O.E. Erikss & Winka",127110,Pezizomycotina,1
127292,4,60,Lichinomycetes,Lichinomycetes,"Reeb, Lutzoni & Cl. Roux",127110,Pezizomycotina,1
127348,4,60,"Lecanoromycetes, orders incertae sedis","Lecanoromycetes,",NULL,127138,Lecanoromycetes,1
127042,4,70,Leotiomycetidae,Leotiomycetidae,NULL,127041,Leotiomycetes,1
127112,4,70,Xylariomycetidae,Xylariomycetidae,"O.E. Erikss & Winka",127111,Sordariomycetes,1
127141,4,70,Chaetothyriomycetidae,Chaetothyriomycetidae,Doweld,127140,Eurotiomycetes,1
127295,4,70,Mycocaliciomycetidae,Mycocaliciomycetidae,Tibell,127140,Eurotiomycetes,1
127298,4,70,Acarosporomycetidae,Acarosporomycetidae,"Reeb, Lutzoni & Cl. Roux",127138,Lecanoromycetes,1
127300,4,70,Ostropomycetidae,Ostropomycetidae,"Reeb, Lutzoni & Cl. Roux",127138,Lecanoromycetes,1
127302,4,70,Lecanoromycetidae,Lecanoromycetidae,"P. M. Kirk, P. F. Cannon, J. C. David & Stalpers ex Miadl., Lutzoni & Lumbsch",127138,Lecanoromycetes,1
127314,4,70,Hypocreomycetidae,Hypocreomycetidae,"O. E. Erikss. & Winka",127111,Sordariomycetes,1
127324,4,70,Dothideomycetidae,Dothideomycetidae,"P. M. Kirk, P. F. Cannon, J. C. David & J. A. Stalpers ex C. L. Schoch, Spatafora, Crous & Shoemaker",127136,Dothideomycetes,1
127362,4,70,Pleosporomycetidae,Pleosporomycetidae,"C. L. Schoch, Spatafora, Crous & Shoemaker",127136,Dothideomycetes,1
127368,4,70,Sordariomycetidae,Sordariomycetidae,"O. E. Erikss. & Winka",127111,Sordariomycetes,1
51663,4,100,Arthoniales,Arthoniales,"Henssen ex D. Hawksw. & O. E. Erikss.",127289,Arthoniomycetes,1
51665,4,100,Capnodiales,Capnodiales,Woron.,127324,Dothideomycetidae,1
51666,4,100,Dothideales,Dothideales,NULL,127136,Dothideomycetes,1
51667,4,100,Eurotiales,Eurotiales,NULL,127140,Eurotiomycetes,1
51670,4,100,Hypocreales,Hypocreales,Lindau,127314,Hypocreomycetidae,1
51671,4,100,Lecanorales,Lecanorales,Nannf.,127302,Lecanoromycetidae,1
51673,4,100,Lichinales,Lichinales,"Henssen & Budel",127292,Lichinomycetes,1
51675,4,100,Onygenales,Onygenales,NULL,127140,Eurotiomycetes,1
51677,4,100,Ostropales,Ostropales,Nannf.,127300,Ostropomycetidae,1
51678,4,100,Patellariales,Patellariales,NULL,127136,Dothideomycetes,1
51679,4,100,Peltigerales,Peltigerales,"W. Watson",127138,Lecanoromycetes,1
51680,4,100,Pertusariales,Pertusariales,"M. Choisy ex D. Hawksw. & O. E. Erikss.",127300,Ostropomycetidae,1
51681,4,100,Phyllachorales,Phyllachorales,"M.E. Barr",127111,Sordariomycetes,1
51682,4,100,Pleosporales,Pleosporales,"Luttrell ex M. E. Barr",127362,Pleosporomycetidae,1
51683,4,100,Pyrenulales,Pyrenulales,"Fink ex D. Hawksw. & O. E. Erikss.",127141,Chaetothyriomycetidae,1
51685,4,100,Teloschistales,Teloschistales,"D. Hawksw. & O. E. Erikss.",127302,Lecanoromycetidae,1
51686,4,100,Verrucariales,Verrucariales,"Mattick ex D. Hawksw. & O. E. Erikss.",127140,Eurotiomycetes,1
51687,4,100,Agaricales,Agaricales,NULL,51661,Basidiomycetes,1
51688,4,100,Atractiellales,Atractiellales,NULL,51661,Basidiomycetes,1
51689,4,100,Cantharellales,Cantharellales,NULL,51661,Basidiomycetes,1
51690,4,100,Stereales,Stereales,NULL,51661,Basidiomycetes,1
51691,4,100,Tremellales,Tremellales,NULL,51661,Basidiomycetes,1
51692,4,100,Platygloeales,Platygloeales,NULL,51662,Ustomycetes,1
126181,4,100,Hysteriales,Hysteriales,NULL,127136,Dothideomycetes,1
127043,4,100,Helotiales,Helotiales,Nannf.,127041,Leotiomycetes,1
127113,4,100,Xylariales,Xylariales,Naanf.,127112,Xylariomycetidae,1
127139,4,100,Sordariales,Sordariales,"Chad. ex D. Hawksw. & O. E. Erikss.",127111,Sordariomycetes,1
127142,4,100,Chaetothyriales,Chaetothyriales,"M.E. Barr",127141,Chaetothyriomycetidae,1
127291,4,100,Baeomycetales,Baeomycetales,"Lumbsch, Huhndorf & Lutzoni",127300,Ostropomycetidae,1
127296,4,100,Mycocaliciales,Mycocaliciales,"Tibell & Wedin",127295,Mycocaliciomycetidae,1
127299,4,100,Acarosporales,Acarosporales,"Reeb, Lutzoni & Cl. Roux",127298,Acarosporomycetidae,1
127301,4,100,Agyriales,Agyriales,"Clem. & Shear.",127300,Ostropomycetidae,1
127305,4,100,Thelebolales,Thelebolales,"P.F. Cannon",127041,Leotiomycetes,1
127309,4,100,Botryosphaeriales,Botryosphaeriales,"C. L. Schoch, Crous & Shoemaker",127136,Dothideomycetes,1
127317,4,100,Microascales,Microascales,"Luttr. ex Benny & Kimbr.",127314,Hypocreomycetidae,1
127323,4,100,Trypetheliales,Trypetheliales,"Leucking, Aptroot & Sipman",127136,Dothideomycetes,1
127330,4,100,Candelariales,Candelariales,"Miadl., Lutzoni & Lumbsch",127348,"Lecanoromycetes, orders incertae sedis",1
127349,4,100,Umbilicariales,Umbilicariales,"Lumbsch, Hestmark & Lutzoni",127138,Lecanoromycetes,1
127350,4,100,"Lecanoromycetidae, families incertae sedis","Lecanoromycetidae,",NULL,127302,Lecanoromycetidae,1
127369,4,100,Diaporthales,Diaporthales,Nannf.,127111,Sordariomycetes,1
127396,4,100,Mytilinidiales,Mytilinidiales,"Boehm, C. L. Schoch & Spatafora*",127136,Dothideomycetes,1
128269,4,100,Trichosphaeriales,Trichosphaeriales,"M.E. Barr",126976,"Incertae sedis",1
127303,4,110,Collematineae,Collematineae,"Miadl. & Lutzoni",51679,Peltigerales,1
127304,4,110,Peltigerineae,Peltigerineae,NULL,51679,Peltigerales,1
51693,4,140,Dactylosporaceae,Dactylosporaceae,"Bellem. & Hafellner",51671,Lecanorales,1
51694,4,140,Mastodiaceae,Mastodiaceae,Zahlbr.,51658,Ascomycota,1
51695,4,140,Melaspileaceae,Melaspileaceae,"W. Watson",51663,Arthoniales,1
51696,4,140,Phlyctidaceae,Phlyctidaceae,"Poelt & Ve&#728;zda ex J. C. David & D. Hawksw.",51677,Ostropales,1
51697,4,140,Protothelenellaceae,Protothelenellaceae,"Vezda, H. Mayrhofer & Poelt",127138,Lecanoromycetes,1
51698,4,140,Thelenellaceae,Thelenellaceae,"H. Mayrhofer",127300,Ostropomycetidae,1
51700,4,140,Arthoniaceae,Arthoniaceae,"Reichenb. ex Reichenb.",51663,Arthoniales,1
51701,4,140,Chrysotrichaceae,Chrysotrichaceae,Zahlbr.,51663,Arthoniales,1
51703,4,140,Coniocybaceae,Coniocybaceae,Reichenb.,51658,Ascomycota,1
51704,4,140,Microcaliciaceae,Microcaliciaceae,Tibell,51658,Ascomycota,1
51705,4,140,Mycocaliciaceae,Mycocaliciaceae,"Alb. Schmidt",127296,Mycocaliciales,1
51706,4,140,Sphaerophoraceae,Sphaerophoraceae,Fr.,51671,Lecanorales,1
51707,4,140,Sphinctrinaceae,Sphinctrinaceae,"M. Choisy",127296,Mycocaliciales,1
51708,4,140,Capnodiaceae,Capnodiaceae,"(Sacc.) Hohn. ex Theiss.",51665,Capnodiales,1
51709,4,140,Arthopyreniaceae,Arthopyreniaceae,"W. Watson",127136,Dothideomycetes,1
51710,4,140,Dacampiaceae,Dacampiaceae,Korb.,127136,Dothideomycetes,1
51711,4,140,Lichenotheliaceae,Lichenotheliaceae,Henssen,127136,Dothideomycetes,1
51712,4,140,Monoblastiaceae,Monoblastiaceae,"W. Watson",51683,Pyrenulales,1
51713,4,140,Mycoporaceae,Mycoporaceae,Zahlbr.,127136,Dothideomycetes,1
51714,4,140,Mycosphaerellaceae,Mycosphaerellaceae,Lindau,51665,Capnodiales,1
51715,4,140,Pleomassariaceae,Pleomassariaceae,"M.E. Barr",51682,Pleosporales,1
51716,4,140,Trichocomaceae,Trichocomaceae,NULL,51667,Eurotiales,1
51717,4,140,Asterothyriaceae,Asterothyriaceae,NULL,51677,Ostropales,1
51719,4,140,Graphidaceae,Graphidaceae,Dumort.,51677,Ostropales,1
51721,4,140,Gyalectaceae,Gyalectaceae,"(A. Massal.) Stizenb.",51677,Ostropales,1
51722,4,140,Hypocreaceae,Hypocreaceae,NULL,51670,Hypocreales,1
51723,4,140,Acarosporaceae,Acarosporaceae,Zahlbr.,127299,Acarosporales,1
51724,4,140,Agyriaceae,Agyriaceae,Corda,127301,Agyriales,1
51725,4,140,Alectoriaceae,Alectoriaceae,NULL,51671,Lecanorales,1
51726,4,140,Arctomiaceae,Arctomiaceae,"Th. Fr.",127300,Ostropomycetidae,1
51728,4,140,Biatorellaceae,Biatorellaceae,"M. Choisy ex Hafellner & Casares-Porcel",51671,Lecanorales,1
51729,4,140,Brigantiaceae,Brigantiaceae,"Hafellner & Bellem.",127350,"Lecanoromycetidae, families incertae sedis",1
51730,4,140,Candelariaceae,Candelariaceae,Hakul.,127330,Candelariales,1
51731,4,140,Catillariaceae,Catillariaceae,Hafellner,51671,Lecanorales,1
51732,4,140,Cladoniaceae,Cladoniaceae,Zenker,51671,Lecanorales,1
51733,4,140,Coccocarpiaceae,Coccocarpiaceae,"(Mont. ex Mull. Stuttg.) Henssen",127303,Collematineae,1
51734,4,140,Collemataceae,Collemataceae,Zenker,127303,Collematineae,1
51735,4,140,Crocyniaceae,Crocyniaceae,"M. Choisy ex Hafellner",51671,Lecanorales,1
51736,4,140,Ectolechiaceae,Ectolechiaceae,NULL,51671,Lecanorales,1
51737,4,140,Eigleraceae,Eigleraceae,NULL,51671,Lecanorales,1
51738,4,140,Gypsoplaceae,Gypsoplaceae,Timdal,51671,Lecanorales,1
51739,4,140,Haematommataceae,Haematommataceae,Hafellner,51671,Lecanorales,1
51740,4,140,Heppiaceae,Heppiaceae,Zahlbr.,51673,Lichinales,1
51741,4,140,Hymeneliaceae,Hymeneliaceae,Korb.,127300,Ostropomycetidae,1
51742,4,140,Lecanoraceae,Lecanoraceae,Korb.,51671,Lecanorales,1
51743,4,140,Lecideaceae,Lecideaceae,Chevall.,127350,"Lecanoromycetidae, families incertae sedis",1
51744,4,140,Letrouitiaceae,Letrouitiaceae,"Bellem. & Hafellner",51685,Teloschistales,1
51745,4,140,Megalosporaceae,Megalosporaceae,"Vezda ex Hafellner & Bellem.",51685,Teloschistales,1
51746,4,140,Micareaceae,Micareaceae,NULL,51671,Lecanorales,1
51747,4,140,Mycoblastaceae,Mycoblastaceae,Hafellner,51671,Lecanorales,1
51748,4,140,Ophioparmaceae,Ophioparmaceae,"R. W. Rogers & Hafellner",127350,"Lecanoromycetidae, families incertae sedis",1
51749,4,140,Pannariaceae,Pannariaceae,Tuck.,127303,Collematineae,1
51750,4,140,Parmeliaceae,Parmeliaceae,Zenker,51671,Lecanorales,1
51751,4,140,Pertusariaceae,Pertusariaceae,"Korb. ex Korb.",51680,Pertusariales,1
51752,4,140,Physciaceae,Physciaceae,Zahlbr.,51685,Teloschistales,1
51753,4,140,Pilocarpaceae,Pilocarpaceae,Zahlbr.,51671,Lecanorales,1
51755,4,140,Psoraceae,Psoraceae,Zahlbr.,51671,Lecanorales,1
51756,4,140,Ramalinaceae,Ramalinaceae,"C. Agardh",51671,Lecanorales,1
51757,4,140,Rhizocarpaceae,Rhizocarpaceae,"M. Choisy ex Hafellner",127350,"Lecanoromycetidae, families incertae sedis",1
51759,4,140,Schaereriaceae,Schaereriaceae,Hafellner,51671,Lecanorales,1
51760,4,140,Stereocaulaceae,Stereocaulaceae,Chevall.,51671,Lecanorales,1
51761,4,140,Trapeliaceae,Trapeliaceae,"M. Choisy ex Hertel",127291,Baeomycetales,1
51762,4,140,Umbilicariaceae,Umbilicariaceae,Chevall.,127349,Umbilicariales,1
51763,4,140,Vezdaeaceae,Vezdaeaceae,"Poelt & Vezda ex J. C. David & D. Hawksw.",127041,Leotiomycetes,1
51764,4,140,Baeomycetaceae,Baeomycetaceae,Dumort.,127291,Baeomycetales,1
51765,4,140,Leotiaceae,Leotiaceae,NULL,127041,Leotiomycetes,1
51766,4,140,Lichinaceae,Lichinaceae,Nyl.,51673,Lichinales,1
51767,4,140,Peltulaceae,Peltulaceae,Budel,51673,Lichinales,1
51768,4,140,Melanommataceae,Melanommataceae,"G. Winter",51682,Pleosporales,1
51769,4,140,Myxotrichaceae,Myxotrichaceae,Currah,127041,Leotiomycetes,1
51770,4,140,Opegraphaceae,Opegraphaceae,NULL,51663,Arthoniales,1
51771,4,140,Roccellaceae,Roccellaceae,Chevall.,51663,Arthoniales,1
51772,4,140,Odontotremataceae,Odontotremataceae,"D. Hawksw. & Sherwood",51677,Ostropales,1
51773,4,140,Solorinellaceae,Solorinellaceae,NULL,51677,Ostropales,1
51774,4,140,Stictidaceae,Stictidaceae,Fr.,51677,Ostropales,1
51775,4,140,Arthrorhaphidaceae,Arthrorhaphidaceae,"Poelt & Hafellner",127300,Ostropomycetidae,1
51776,4,140,Lobariaceae,Lobariaceae,Chevall.,127304,Peltigerineae,1
51777,4,140,Nephromataceae,Nephromataceae,"Wetm. ex J. C. David & D. Hawksw.",127304,Peltigerineae,1
51778,4,140,Peltigeraceae,Peltigeraceae,Dumort.,127304,Peltigerineae,1
51779,4,140,Placynthiaceae,Placynthiaceae,"A. E. Dahl",127303,Collematineae,1
51780,4,140,Coccotremataceae,Coccotremataceae,"Henssen ex J. C. David & D. Hawksw.",51680,Pertusariales,1
51781,4,140,Phyllachoraceae,Phyllachoraceae,"Theiss. & H. Syd.",51681,Phyllachorales,1
51782,4,140,Pleosporaceae,Pleosporaceae,Nitschke,51682,Pleosporales,1
51783,4,140,Pyrenotrichaceae,Pyrenotrichaceae,Zahlbr.,127136,Dothideomycetes,1
51784,4,140,Pyrenulaceae,Pyrenulaceae,Rabenh.,51683,Pyrenulales,1
51785,4,140,Trichotheliaceae,Trichotheliaceae,NULL,51683,Pyrenulales,1
51786,4,140,Trypetheliaceae,Trypetheliaceae,Zenker,127323,Trypetheliales,1
51787,4,140,Strigulaceae,Strigulaceae,Zahlbr.,127141,Chaetothyriomycetidae,1
51788,4,140,Fuscideaceae,Fuscideaceae,Hafellner,127350,"Lecanoromycetidae, families incertae sedis",1
51789,4,140,Teloschistaceae,Teloschistaceae,Zahlbr.,51685,Teloschistales,1
51790,4,140,Adelococcaceae,Adelococcaceae,Triebel,51686,Verrucariales,1
51791,4,140,Verrucariaceae,Verrucariaceae,Zenker,51686,Verrucariales,1
51792,4,140,Tricholomataceae,Tricholomataceae,NULL,51687,Agaricales,1
51793,4,140,Chionosphaeraceae,Chionosphaeraceae,NULL,51688,Atractiellales,1
51794,4,140,Clavariaceae,Clavariaceae,NULL,51689,Cantharellales,1
51795,4,140,Atheliaceae,Atheliaceae,NULL,51690,Stereales,1
51796,4,140,Corticiaceae,Corticiaceae,NULL,51690,Stereales,1
51797,4,140,Syzygosporaceae,Syzygosporaceae,NULL,51691,Tremellales,1
51798,4,140,Tremellaceae,Tremellaceae,Fr.,51691,Tremellales,1
51799,4,140,Platygloeaceae,Platygloeaceae,NULL,51692,Platygloeales,1
126179,4,140,Brigantiaeaceae,Brigantiaeaceae,NULL,51671,Lecanorales,1
126180,4,140,Calycidiaceae,Calycidiaceae,NULL,51671,Lecanorales,1
126182,4,140,Hysteriaceae,Hysteriaceae,NULL,126181,Hysteriales,1
126183,4,140,Icmadophilaceae,Icmadophilaceae,Triebel,51680,Pertusariales,1
126184,4,140,Miltideaceae,Miltideaceae,NULL,51671,Lecanorales,1
126185,4,140,Sarrameanaceae,Sarrameanaceae,Hafellner,127300,Ostropomycetidae,1
126186,4,140,Xanthopyreniaceae,Xanthopyreniaceae,Zahlbr.,51658,Ascomycota,1
126976,3,140,"Incertae sedis","Incertae sedis",NULL,51657,Fungi,1
127044,4,140,Helotiaceae,Helotiaceae,Rhem,127043,Helotiales,1
127114,4,140,Amphisphaeriaceae,Amphisphaeriaceae,"G. Winter",127113,Xylariales,1
127134,4,140,Gloeoheppiaceae,Gloeoheppiaceae,Henssen,51673,Lichinales,1
127135,4,140,Celotheliaceae,Celotheliaceae,"Leucking, Aptroot & Sipman",51683,Pyrenulales,1
127137,4,140,Bionectriaceae,Bionectriaceae,"Samuels & Rossman",51670,Hypocreales,1
127143,4,140,Herpotrichiellaceae,Herpotrichiellaceae,Munk,127142,Chaetothyriales,1
127277,4,140,Ochrolechiaceae,Ochrolechiaceae,"R. C. Harris ex Lumbsch & I. Schmitt",51680,Pertusariales,1
127287,4,140,Hygrophoraceae,Hygrophoraceae,Lotsy,51687,Agaricales,1
127293,4,140,Ropalosporaceae,Ropalosporaceae,Hafellner,127350,"Lecanoromycetidae, families incertae sedis",1
127306,4,140,Thelocarpaceae,Thelocarpaceae,Zukal,127305,Thelebolales,1
127307,4,140,Obryzaceae,Obryzaceae,Korb.,127111,Sordariomycetes,1
127308,4,140,Anamylopsoraceae,Anamylopsoraceae,"Lumbsch & Lunke",127291,Baeomycetales,1
127310,4,140,Botryosphaeriaceae,Botryosphaeriaceae,"Theiss. & H. Syd.",127309,Botryosphaeriales,1
127311,4,140,Epigloeaceae,Epigloeaceae,Zahlbr.,51658,Ascomycota,1
127312,4,140,Pseudoperisporiaceae,Pseudoperisporiaceae,Toro,127136,Dothideomycetes,1
127315,4,140,Nitschkiaceae,Nitschkiaceae,"(Fitzp.) Nannf.",127314,Hypocreomycetidae,1
127318,4,140,Microascaceae,Microascaceae,"Luttr. ex Malloch",127317,Microascales,1
127319,4,140,Naetrocymbaceae,Naetrocymbaceae,"Höhn. ex R. C. Harris",127136,Dothideomycetes,1
127320,4,140,Didymellaceae,Didymellaceae,"Gruyter, Aveskamp& Verkley",51682,Pleosporales,1
127321,4,140,Microthyriaceae,Microthyriaceae,Sacc.,127136,Dothideomycetes,1
127322,4,140,Lophiostomataceae,Lophiostomataceae,Sacc.,51682,Pleosporales,1
127325,4,140,Dothioraceae,Dothioraceae,"Theiss. & H. Syd.",51666,Dothideales,1
127327,4,140,Coenogoniaceae,Coenogoniaceae,"(Fr.) Stizenb.",51677,Ostropales,1
127328,4,140,Niessliaceae,Niessliaceae,Kirschst.,51670,Hypocreales,1
127329,4,140,Hyaloscyphaceae,Hyaloscyphaceae,Nannf.,127043,Helotiales,1
127331,4,140,Porinaceae,Porinaceae,Reichenb.,51677,Ostropales,1
127332,4,140,Megasporaceae,Megasporaceae,"Lumbsch, Feige & K. Schmitz",51680,Pertusariales,1
127346,4,140,"Lecanoromycetes, genera incertae sedis","Lecanoromycetes, genera incertae sedis",NULL,127138,Lecanoromycetes,1
127347,4,140,"Lecanorales, genera incertae sedis","Lecanorales,",NULL,51671,Lecanorales,1
127351,4,140,Megalariaceae,Megalariaceae,NULL,51671,Lecanorales,1
127360,4,140,Aspidotheliaceae,Aspidotheliaceae,"Rasenen ex J. C. David & D. Hawksw.",51658,Ascomycota,1
127367,4,140,Nectriaceae,Nectriaceae,"Tul. & C. Tul.",51670,Hypocreales,1
127370,4,140,Gnomoniaceae,Gnomoniaceae,"G. Winter",127369,Diaporthales,1
127392,4,140,Requienellaceae,Requienellaceae,Boise,51683,Pyrenulales,1
127393,4,140,Scoliciosporaceae,Scoliciosporaceae,Hafellner,51671,Lecanorales,1
127397,4,140,Mytilinidiaceae,Mytilinidiaceae,Kirschst.,127396,Mytilinidiales,1
127530,4,140,Malmideaceae,Malmideaceae,"Kalb, Rivas Plata & Lumbsch ",51671,Lecanorales,1
127660,4,140,Massalongiaceae,Massalongiaceae,"Wedin, P. M. Jørgensen & E. Wiklund",127304,Peltigerineae,1
128186,4,140,Elixiaceae,Elixiaceae,Lumbsch,127349,Umbilicariales,1
128270,4,140,Trichosphaeriaceae,Trichosphaeriaceae,"G. Winter",128269,Trichosphaeriales,1
128329,4,140,Roccellographaceae,Roccellographaceae,"Ertz & Tehler",51663,Arthoniales,1
148899,4,140,Gypsoplacaceae,Gypsoplacaceae,NULL,51657,Fungi,1
150407,4,140,Lahmiaceae,Lahmiaceae,NULL,51657,Fungi,1
186294,4,140,Tephromelataceae,Tephromelataceae,NULL,51657,Fungi,1
194263,4,140,Acrospermaceae,Acrospermaceae,NULL,51657,Fungi,1
194327,4,140,Agaricaceae,Agaricaceae,NULL,51657,Fungi,1
194328,4,140,Agaricomycetes,Agaricomycetes,NULL,51657,Fungi,1
194329,4,140,Agaricostilbaceae,Agaricostilbaceae,NULL,51657,Fungi,1
194344,4,140,Aigialaceae,Aigialaceae,NULL,51657,Fungi,1
194467,4,140,Amniculicolaceae,Amniculicolaceae,NULL,51657,Fungi,1
194658,4,140,Amylocorticiaceae,Amylocorticiaceae,NULL,51657,Fungi,1
194660,4,140,Amylostereaceae,Amylostereaceae,NULL,51657,Fungi,1
194726,4,140,Annulatascaceae,Annulatascaceae,NULL,51657,Fungi,1
194770,4,140,Aphanopsidaceae,Aphanopsidaceae,NULL,51657,Fungi,1
194771,4,140,Aphelariaceae,Aphelariaceae,NULL,51657,Fungi,1
194778,4,140,Apiosporaceae,Apiosporaceae,NULL,51657,Fungi,1
194788,4,140,Aquamycetaceae,Aquamycetaceae,NULL,51657,Fungi,1
194800,4,140,Arcyriaceae,Arcyriaceae,NULL,51657,Fungi,1
194977,4,140,Arthrodermataceae,Arthrodermataceae,NULL,51657,Fungi,1
195034,4,140,Ascobolaceae,Ascobolaceae,NULL,51657,Fungi,1
195038,4,140,Ascodesmidaceae,Ascodesmidaceae,NULL,51657,Fungi,1
195039,4,140,Ascodichaenaceae,Ascodichaenaceae,NULL,51657,Fungi,1
195163,4,140,Asterinaceae,Asterinaceae,NULL,51657,Fungi,1
195258,4,140,Auriculariaceae,Auriculariaceae,NULL,51657,Fungi,1
195260,4,140,Auriscalpiaceae,Auriscalpiaceae,NULL,51657,Fungi,1
195405,4,140,Bangiaceae,Bangiaceae,NULL,51657,Fungi,1
196072,4,140,Boliniaceae,Boliniaceae,NULL,51657,Fungi,1
196139,4,140,Botryobasidiaceae,Botryobasidiaceae,NULL,51657,Fungi,1
196435,4,140,Bulgariaceae,Bulgariaceae,NULL,51657,Fungi,1
196444,4,140,Byssolomataceae,Byssolomataceae,NULL,51657,Fungi,1
196452,4,140,Cainiaceae,Cainiaceae,NULL,51657,Fungi,1
197214,4,140,Caloscyphaceae,Caloscyphaceae,NULL,51657,Fungi,1
197215,4,140,Calosphaeriaceae,Calosphaeriaceae,NULL,51657,Fungi,1
197268,4,140,Cantharellaceae,Cantharellaceae,NULL,51657,Fungi,1
197292,4,140,Catabotrydaceae,Catabotrydaceae,NULL,51657,Fungi,1
197407,4,140,Caudosporidae,Caudosporidae,NULL,51657,Fungi,1
197478,4,140,Ceratiomyxaceae,Ceratiomyxaceae,NULL,51657,Fungi,1
197479,4,140,Ceratobasidiaceae,Ceratobasidiaceae,NULL,51657,Fungi,1
197488,4,140,Ceratostomataceae,Ceratostomataceae,NULL,51657,Fungi,1
197585,4,140,Chaetomiaceae,Chaetomiaceae,NULL,51657,Fungi,1
197587,4,140,Chaetosphaerellaceae,Chaetosphaerellaceae,NULL,51657,Fungi,1
197588,4,140,Chaetosphaeriaceae,Chaetosphaeriaceae,NULL,51657,Fungi,1
197589,4,140,Chaetothyriaceae,Chaetothyriaceae,NULL,51657,Fungi,1
197647,4,140,Choanephoraceae,Choanephoraceae,NULL,51657,Fungi,1
197651,4,140,Chorioactidaceae,Chorioactidaceae,NULL,51657,Fungi,1
197670,4,140,Chytridiaceae,Chytridiaceae,NULL,51657,Fungi,1
198019,4,140,Clavicipitaceae,Clavicipitaceae,NULL,51657,Fungi,1
198021,4,140,Clavulinaceae,Clavulinaceae,NULL,51657,Fungi,1
198030,4,140,Clypeosphaeriaceae,Clypeosphaeriaceae,NULL,51657,Fungi,1
198044,4,140,Coccodiniaceae,Coccodiniaceae,NULL,51657,Fungi,1
198045,4,140,Coccoideaceae,Coccoideaceae,NULL,51657,Fungi,1
198268,4,140,Coniochaetaceae,Coniochaetaceae,NULL,51657,Fungi,1
198282,4,140,Coniophoraceae,Coniophoraceae,NULL,51657,Fungi,1
198287,4,140,Cookellaceae,Cookellaceae,NULL,51657,Fungi,1
198288,4,140,Cordycipitaceae,Cordycipitaceae,NULL,51657,Fungi,1
199087,4,140,Cortinariaceae,Cortinariaceae,NULL,51657,Fungi,1
199143,4,140,Coryneliaceae,Coryneliaceae,NULL,51657,Fungi,1
199182,4,140,Cribrariaceae,Cribrariaceae,NULL,51657,Fungi,1
199220,4,140,Cronartiaceae,Cronartiaceae,NULL,51657,Fungi,1
199224,4,140,Cryphonectriaceae,Cryphonectriaceae,NULL,51657,Fungi,1
199322,4,140,Cucurbitariaceae,Cucurbitariaceae,NULL,51657,Fungi,1
199324,4,140,Cunninghamellaceae,Cunninghamellaceae,NULL,51657,Fungi,1
199382,4,140,Cyanophyta,Cyanophyta,NULL,51657,Fungi,1
199407,4,140,Cyphellaceae,Cyphellaceae,NULL,51657,Fungi,1
199412,4,140,Cystostereaceae,Cystostereaceae,NULL,51657,Fungi,1
199416,4,140,Dacrymycetaceae,Dacrymycetaceae,NULL,51657,Fungi,1
199433,4,140,Davidiellaceae,Davidiellaceae,NULL,51657,Fungi,1
199457,4,140,Dermateaceae,Dermateaceae,NULL,51657,Fungi,1
199533,4,140,Diaporthaceae,Diaporthaceae,NULL,51657,Fungi,1
199534,4,140,Diatrypaceae,Diatrypaceae,NULL,51657,Fungi,1
199553,4,140,Dictydiaethaliaceae,Dictydiaethaliaceae,NULL,51657,Fungi,1
199586,4,140,Didymiaceae,Didymiaceae,NULL,51657,Fungi,1
199587,4,140,Didymosphaeriaceae,Didymosphaeriaceae,NULL,51657,Fungi,1
199708,4,140,Discinaceae,Discinaceae,NULL,51657,Fungi,1
199721,4,140,Doassansiaceae,Doassansiaceae,NULL,51657,Fungi,1
199729,4,140,Dothideaceae,Dothideaceae,NULL,51657,Fungi,1
199730,4,140,Dothidotthiaceae,Dothidotthiaceae,NULL,51657,Fungi,1
199803,4,140,Echinodontiaceae,Echinodontiaceae,NULL,51657,Fungi,1
199818,4,140,Elsinoaceae,Elsinoaceae,NULL,51657,Fungi,1
199928,4,140,Endochytriaceae,Endochytriaceae,NULL,51657,Fungi,1
199945,4,140,Englerulaceae,Englerulaceae,NULL,51657,Fungi,1
199987,4,140,Entolomataceae,Entolomataceae,NULL,51657,Fungi,1
200075,4,140,Erysiphaceae,Erysiphaceae,NULL,51657,Fungi,1
200090,4,140,Euantennariaceae,Euantennariaceae,NULL,51657,Fungi,1
200159,4,140,Fenestellaceae,Fenestellaceae,NULL,51657,Fungi,1
200169,4,140,Fistulinaceae,Fistulinaceae,NULL,51657,Fungi,1
200173,4,140,Fomitopsidaceae,Fomitopsidaceae,NULL,51657,Fungi,1
200243,4,140,Ganodermataceae,Ganodermataceae,NULL,51657,Fungi,1
200339,4,140,Geoglossaceae,Geoglossaceae,NULL,51657,Fungi,1
200340,4,140,Geosiphonaceae,Geosiphonaceae,NULL,51657,Fungi,1
200353,4,140,Globomycetaceae,Globomycetaceae,NULL,51657,Fungi,1
200356,4,140,Gloeophyllaceae,Gloeophyllaceae,NULL,51657,Fungi,1
200360,4,140,Glomeraceae,Glomeraceae,NULL,51657,Fungi,1
200361,4,140,Glomerellaceae,Glomerellaceae,NULL,51657,Fungi,1
200480,4,140,Gomphaceae,Gomphaceae,NULL,51657,Fungi,1
200494,4,140,Gorgonomycetaceae,Gorgonomycetaceae,NULL,51657,Fungi,1
200498,4,140,Grammotheleaceae,Grammotheleaceae,NULL,51657,Fungi,1
200579,4,140,Graphiolaceae,Graphiolaceae,NULL,51657,Fungi,1
200748,4,140,Graphostromataceae,Graphostromataceae,NULL,51657,Fungi,1
201073,4,140,Halosphaeriaceae,Halosphaeriaceae,NULL,51657,Fungi,1
201113,4,140,Helicobasidiaceae,Helicobasidiaceae,NULL,51657,Fungi,1
201117,4,140,Helminthosphaeriaceae,Helminthosphaeriaceae,NULL,51657,Fungi,1
201125,4,140,Helvellaceae,Helvellaceae,NULL,51657,Fungi,1
201126,4,140,Hemiphacidiaceae,Hemiphacidiaceae,NULL,51657,Fungi,1
201180,4,140,Hericiaceae,Hericiaceae,NULL,51657,Fungi,1
201323,4,140,Hydnaceae,Hydnaceae,NULL,51657,Fungi,1
201324,4,140,Hydnodontaceae,Hydnodontaceae,NULL,51657,Fungi,1
201345,4,140,Hymenochaetaceae,Hymenochaetaceae,NULL,51657,Fungi,1
201418,4,140,Hyponectriaceae,Hyponectriaceae,NULL,51657,Fungi,1
201900,4,140,Inocybaceae,Inocybaceae,NULL,51657,Fungi,1
202132,4,140,Lachnocladiaceae,Lachnocladiaceae,NULL,51657,Fungi,1
202434,4,140,Lasiosphaeriaceae,Lasiosphaeriaceae,NULL,51657,Fungi,1
204375,4,140,Leptopeltidaceae,Leptopeltidaceae,NULL,51657,Fungi,1
204387,4,140,Leptosphaeriaceae,Leptosphaeriaceae,NULL,51657,Fungi,1
204469,4,140,Liceaceae,Liceaceae,NULL,51657,Fungi,1
205472,4,140,Lichtheimiaceae,Lichtheimiaceae,NULL,51657,Fungi,1
205680,4,140,Lyophyllaceae,Lyophyllaceae,NULL,51657,Fungi,1
205702,4,140,Magnaporthaceae,Magnaporthaceae,NULL,51657,Fungi,1
205756,4,140,Marasmiaceae,Marasmiaceae,NULL,51657,Fungi,1
205765,4,140,Massariaceae,Massariaceae,NULL,51657,Fungi,1
205766,4,140,Massarinaceae,Massarinaceae,NULL,51657,Fungi,1
205820,4,140,Melampsoraceae,Melampsoraceae,NULL,51657,Fungi,1
205843,4,140,Melanconidaceae,Melanconidaceae,NULL,51657,Fungi,1
205926,4,140,Meliolaceae,Meliolaceae,NULL,51657,Fungi,1
205935,4,140,Melogrammataceae,Melogrammataceae,NULL,51657,Fungi,1
205946,4,140,Meripilaceae,Meripilaceae,NULL,51657,Fungi,1
205958,4,140,Meruliaceae,Meruliaceae,NULL,51657,Fungi,1
205959,4,140,Mesnieraceae,Mesnieraceae,NULL,51657,Fungi,1
205960,4,140,Mesophelliaceae,Mesophelliaceae,NULL,51657,Fungi,1
205962,4,140,Metacapnodiaceae,Metacapnodiaceae,NULL,51657,Fungi,1
206045,4,140,Microbotryaceae,Microbotryaceae,NULL,51657,Fungi,1
206066,4,140,Micropeltidaceae,Micropeltidaceae,NULL,51657,Fungi,1
206128,4,140,Microtheliopsidaceae,Microtheliopsidaceae,NULL,51657,Fungi,1
206157,4,140,Montagnulaceae,Montagnulaceae,NULL,51657,Fungi,1
206160,4,140,Morchellaceae,Morchellaceae,NULL,51657,Fungi,1
206161,4,140,Moriolaceae,Moriolaceae,NULL,51657,Fungi,1
206604,4,140,Mucoraceae,Mucoraceae,NULL,51657,Fungi,1
206630,4,140,Mycenaceae,Mycenaceae,NULL,51657,Fungi,1
208264,4,140,Myriangiaceae,Myriangiaceae,NULL,51657,Fungi,1
208692,4,140,Niaceae,Niaceae,NULL,51657,Fungi,1
208706,4,140,Nostocaceae,Nostocaceae,NULL,51657,Fungi,1
208834,4,140,Onygenaceae,Onygenaceae,NULL,51657,Fungi,1
208977,4,140,Ophiocordycipitaceae,Ophiocordycipitaceae,NULL,51657,Fungi,1
208981,4,140,Ophiostomataceae,Ophiostomataceae,NULL,51657,Fungi,1
209005,4,140,Orbiliaceae,Orbiliaceae,NULL,51657,Fungi,1
209022,4,140,Pachnocybaceae,Pachnocybaceae,NULL,51657,Fungi,1
209029,4,140,Pachyascaceae,Pachyascaceae,NULL,51657,Fungi,1
210301,4,140,Parmulariaceae,Parmulariaceae,NULL,51657,Fungi,1
210302,4,140,Parodiellaceae,Parodiellaceae,NULL,51657,Fungi,1
211067,4,140,Patellariaceae,Patellariaceae,NULL,51657,Fungi,1
211221,4,140,Peniophoraceae,Peniophoraceae,NULL,51657,Fungi,1
211591,4,140,Pezizaceae,Pezizaceae,NULL,51657,Fungi,1
211595,4,140,Phacidiaceae,Phacidiaceae,NULL,51657,Fungi,1
211627,4,140,Phaeochoraceae,Phaeochoraceae,NULL,51657,Fungi,1
211695,4,140,Phaeosphaeriaceae,Phaeosphaeriaceae,NULL,51657,Fungi,1
211709,4,140,Phaeotrichaceae,Phaeotrichaceae,NULL,51657,Fungi,1
211710,4,140,Phallaceae,Phallaceae,NULL,51657,Fungi,1
211713,4,140,Phanerochaetaceae,Phanerochaetaceae,NULL,51657,Fungi,1
211751,4,140,Phleogenaceae,Phleogenaceae,NULL,51657,Fungi,1
211809,4,140,Phycomycetaceae,Phycomycetaceae,NULL,51657,Fungi,1
211940,4,140,Phyllobatheliaceae,Phyllobatheliaceae,NULL,51657,Fungi,1
212069,4,140,Physalacriaceae,Physalacriaceae,NULL,51657,Fungi,1
212070,4,140,Physaraceae,Physaraceae,NULL,51657,Fungi,1
212398,4,140,Pilobolaceae,Pilobolaceae,NULL,51657,Fungi,1
212960,4,140,Planistromellaceae,Planistromellaceae,NULL,51657,Fungi,1
213893,4,140,Pleurostomataceae,Pleurostomataceae,NULL,51657,Fungi,1
213894,4,140,Pleurotaceae,Pleurotaceae,NULL,51657,Fungi,1
213908,4,140,Pluteaceae,Pluteaceae,NULL,51657,Fungi,1
213976,4,140,Polyporaceae,Polyporaceae,NULL,51657,Fungi,1
213977,4,140,Polyporales,Polyporales,NULL,51657,Fungi,1
213985,4,140,Polystomellaceae,Polystomellaceae,NULL,51657,Fungi,1
214130,4,140,Protrudomycetaceae,Protrudomycetaceae,NULL,51657,Fungi,1
214233,4,140,Pseudovalsaceae,Pseudovalsaceae,NULL,51657,Fungi,1
214340,4,140,Pterulaceae,Pterulaceae,NULL,51657,Fungi,1
214362,4,140,Pucciniaceae,Pucciniaceae,NULL,51657,Fungi,1
214450,4,140,Pyrenothricaceae,Pyrenothricaceae,NULL,51657,Fungi,1
214496,4,140,Pyronemataceae,Pyronemataceae,NULL,51657,Fungi,1
214696,4,140,Raveneliaceae,Raveneliaceae,NULL,51657,Fungi,1
214790,4,140,Reticulascaceae,Reticulascaceae,NULL,51657,Fungi,1
215429,4,140,Rhizophydiaceae,Rhizophydiaceae,NULL,51657,Fungi,1
215449,4,140,Rhytismataceae,Rhytismataceae,NULL,51657,Fungi,1
215450,4,140,Rhytismatales,Rhytismatales,NULL,51657,Fungi,1
215609,4,140,Roesleriaceae,Roesleriaceae,NULL,51657,Fungi,1
215631,4,140,Russulaceae,Russulaceae,NULL,51657,Fungi,1
215632,4,140,Rutstroemiaceae,Rutstroemiaceae,NULL,51657,Fungi,1
215633,4,140,Saccardiaceae,Saccardiaceae,NULL,51657,Fungi,1
215664,4,140,Saprolegniaceae,Saprolegniaceae,NULL,51657,Fungi,1
215697,4,140,Sarcoscyphaceae,Sarcoscyphaceae,NULL,51657,Fungi,1
215698,4,140,Sarcosomataceae,Sarcosomataceae,NULL,51657,Fungi,1
215737,4,140,Schizoparmaceae,Schizoparmaceae,NULL,51657,Fungi,1
215739,4,140,Schizophyllaceae,Schizophyllaceae,NULL,51657,Fungi,1
215740,4,140,Schizoporaceae,Schizoporaceae,NULL,51657,Fungi,1
215741,4,140,Schizothyriaceae,Schizothyriaceae,NULL,51657,Fungi,1
215754,4,140,Sclerotiniaceae,Sclerotiniaceae,NULL,51657,Fungi,1
215794,4,140,Sebacinaceae,Sebacinaceae,NULL,51657,Fungi,1
215824,4,140,Septobasidiaceae,Septobasidiaceae,NULL,51657,Fungi,1
215857,4,140,Seuratiaceae,Seuratiaceae,NULL,51657,Fungi,1
215895,4,140,Sordariaceae,Sordariaceae,NULL,51657,Fungi,1
218531,4,140,Sporormiaceae,Sporormiaceae,NULL,51657,Fungi,1
218716,4,140,Stemonitidaceae,Stemonitidaceae,NULL,51657,Fungi,1
218736,4,140,Stephanosporaceae,Stephanosporaceae,NULL,51657,Fungi,1
218738,4,140,Stereaceae,Stereaceae,NULL,51657,Fungi,1
219588,4,140,Sydowiellaceae,Sydowiellaceae,NULL,51657,Fungi,1
219593,4,140,Syncephalastraceae,Syncephalastraceae,NULL,51657,Fungi,1
219594,4,140,Synchytriaceae,Synchytriaceae,NULL,51657,Fungi,1
219882,4,140,Teratosphaeriaceae,Teratosphaeriaceae,NULL,51657,Fungi,1
219883,4,140,Tetragoniomycetaceae,Tetragoniomycetaceae,NULL,51657,Fungi,1
219884,4,140,Tetraplosphaeriaceae,Tetraplosphaeriaceae,NULL,51657,Fungi,1
220014,4,140,Thelebolaceae,Thelebolaceae,NULL,51657,Fungi,1
220018,4,140,Thelephoraceae,Thelephoraceae,NULL,51657,Fungi,1
220207,4,140,Thyridiaceae,Thyridiaceae,NULL,51657,Fungi,1
220418,4,140,Trentepohliaceae,Trentepohliaceae,NULL,51657,Fungi,1
220419,4,140,Triblidiaceae,Triblidiaceae,NULL,51657,Fungi,1
220422,4,140,Trichiaceae,Trichiaceae,NULL,51657,Fungi,1
221198,4,140,Trichosporonaceae,Trichosporonaceae,NULL,51657,Fungi,1
221486,4,140,Tubeufiaceae,Tubeufiaceae,NULL,51657,Fungi,1
221487,4,140,Tubiferaceae,Tubiferaceae,NULL,51657,Fungi,1
221488,4,140,Tubulicrinaceae,Tubulicrinaceae,NULL,51657,Fungi,1
221495,4,140,Tulasnellaceae,Tulasnellaceae,NULL,51657,Fungi,1
221599,4,140,Typhulaceae,Typhulaceae,NULL,51657,Fungi,1
221602,4,140,Ulvaceae,Ulvaceae,NULL,51657,Fungi,1
221603,4,140,Umbelopsidaceae,Umbelopsidaceae,NULL,51657,Fungi,1
221722,4,140,Uropyxidaceae,Uropyxidaceae,NULL,51657,Fungi,1
222033,4,140,Ustilaginaceae,Ustilaginaceae,NULL,51657,Fungi,1
222034,4,140,Valsaceae,Valsaceae,NULL,51657,Fungi,1
222105,4,140,Venturiaceae,Venturiaceae,NULL,51657,Fungi,1
222573,4,140,Vialaeaceae,Vialaeaceae,NULL,51657,Fungi,1
222574,4,140,Vibrisseaceae,Vibrisseaceae,NULL,51657,Fungi,1
222578,4,140,Vizellaceae,Vizellaceae,NULL,51657,Fungi,1
222791,4,140,Xenasmataceae,Xenasmataceae,NULL,51657,Fungi,1
222795,4,140,Xylariaceae,Xylariaceae,NULL,51657,Fungi,1
222868,4,140,Zopfiaceae,Zopfiaceae,NULL,51657,Fungi,1
256880,4,140,Lecanographaceae,Lecanographaceae,NULL,51663,Arthoniales,1
