sourceid,rankid,sciname,unitname1,author,sourceparentid,parentstr,acceptance
5571,10,Plantae,Plantae,,5571,Plantae,1
1,10,Monera,Monera,,1,Monera,1
2,10,Protista,Protista,,2,Protista,1
3,10,Chromista,Chromista,,3,Chromista,1
5569,20,Tracheobionta,Tracheobionta,,5571,Plantae,1
234069,20,Tracheophytes,Tracheophytes,,5571,Plantae,1
5561,30,Equisetophyta,Equisetophyta,,5569,Tracheobionta,1
5562,30,Pteridophyta,Pteridophyta,,5569,Tracheobionta,1
5563,30,Lycopodiophyta,Lycopodiophyta,,5569,Tracheobionta,1
5564,30,Coniferophyta,Coniferophyta,,5569,Tracheobionta,1
5565,30,Psilophyta,Psilophyta,,5569,Tracheobionta,1
5568,30,Gnetophyta,Gnetophyta,,5569,Tracheobionta,1
5570,30,Magnoliophyta,Magnoliophyta,,5571,Plantae,1
16368,30,Cycadophyta,Cycadophyta,,5569,Tracheobionta,1
16600,30,Bryophyta,Bryophyta,,5571,Plantae,1
16601,30,Psilotophyta,Psilotophyta,,5571,Plantae,1
16602,30,Hepatophyta,Hepatophyta,,5571,Plantae,1
16603,30,Polypodiophyta,Polypodiophyta,,5571,Plantae,1
16604,30,Bacillariophyta,Bacillariophyta,,5571,Plantae,1
16605,30,Pyrrophycophyta,Pyrrophycophyta,,5571,Plantae,1
32073,30,Anthocerotophyta,Anthocerotophyta,,5571,Plantae,1
32987,30,Ginkgophyta,Ginkgophyta,,5571,Plantae,1
164428,30,Chlorophyta,Chlorophyta,,5571,Plantae,1
164449,30,Rhodophyta,Rhodophyta,,5571,Plantae,1
164451,30,Streptophyta,Streptophyta,,5571,Plantae,1
164528,30,Cyanobacteria,Cyanobacteria,,164526,Monera,1
164529,30,Euglenozoa,Euglenozoa,,164527,Protista,1
164530,30,Heterokontophyta,Heterokontophyta,,164525,Chromista,1
234342,30,Spermatophyta,Spermatophyta,,234069,Tracheophytes,1
234309,35,AnitaGradeClade1,AnitaGradeClade1,,5570,Magnoliophyta,1
234371,35,AnitaGradeClade2,AnitaGradeClade2,,5570,Magnoliophyta,1
16404,40,Anthocerotae,Anthocerotae,,32073,Anthocerotophyta,1
16629,40,Musci,Musci,,16600,Bryophyta,1
16634,40,Hepaticae,Hepaticae,,16602,Hepatophyta,1
234393,45,Monocots,Monocots,,5570,Magnoliophyta,1
234401,45,Eudicots,Eudicots,,5570,Magnoliophyta,1
5544,60,Equisetopsida,Equisetopsida,,5561,Equisetophyta,1
5545,60,Filicopsida,Filicopsida,,5562,Pteridophyta,1
5546,60,Lycopodiopsida,Lycopodiopsida,,5563,Lycopodiophyta,1
5547,60,Pinopsida,Pinopsida,,5564,Coniferophyta,1
5548,60,Psilopsida,Psilopsida,,5565,Psilophyta,1
5553,60,Gnetopsida,Gnetopsida,,5568,Gnetophyta,1
5566,60,Liliopsida,Liliopsida,,5570,Magnoliophyta,1
5567,60,Magnoliopsida,Magnoliopsida,,5570,Magnoliophyta,1
16369,60,Cycadopsida,Cycadopsida,,16368,Cycadophyta,1
16463,60,Coniferopsida,Coniferopsida,,5564,Coniferophyta,1
16464,60,Taxopsida,Taxopsida,,5564,Coniferophyta,1
16465,60,Cordaitopsida,Cordaitopsida,,5564,Coniferophyta,1
16627,60,Psilotopsida,Psilotopsida,,16601,Psilotophyta,1
16633,60,Hepaticopsida,Hepaticopsida,,16600,Bryophyta,1
16666,60,Bacillariophyceae,Bacillariophyceae,,16604,Bacillariophyta,1
16667,60,Fragilariophyceae,Fragilariophyceae,,16604,Bacillariophyta,1
16669,60,Dinophyceae,Dinophyceae,,16605,Pyrrophycophyta,1
16670,60,Anthocerotopsida,Anthocerotopsida,,16404,Anthocerotae,1
16698,60,Bryopsida,Bryopsida,,16629,Musci,1
16699,60,Sphagnopsida,Sphagnopsida,,16629,Musci,1
16700,60,Andreaeopsida,Andreaeopsida,,16629,Musci,1
16703,60,Hepatopsida,Hepatopsida,,16634,Hepaticae,1
32988,60,Ginkgoopsida,Ginkgoopsida,,32987,Ginkgophyta,1
164429,60,Charophyceae,Charophyceae,,164428,Chlorophyta,1
164443,60,Chlorophyceae,Chlorophyceae,,164428,Chlorophyta,1
164444,60,Coscinodiscophyceae,Coscinodiscophyceae,,16604,Bacillariophyta,1
164454,60,Trebouxiophyceae,Trebouxiophyceae,,164428,Chlorophyta,1
164455,60,Ulvophyceae,Ulvophyceae,,164428,Chlorophyta,1
164461,60,Coleochaetophyceae,Coleochaetophyceae,,164451,Streptophyta,1
164462,60,Florideophyceae,Florideophyceae,,164449,Rhodophyta,1
164468,60,Mesostigmatophyceae,Mesostigmatophyceae,,164451,Streptophyta,1
164483,60,Zygnematophyceae,Zygnematophyceae,,164451,Streptophyta,1
164531,60,Chrysophyceae,Chrysophyceae,,164530,Heterokontophyta,1
164532,60,Cyanophyceae,Cyanophyceae,,164528,Cyanobacteria,1
164533,60,Euglenophyceae,Euglenophyceae,,164529,Euglenozoa,1
164534,60,Xanthophyceae,Xanthophyceae,,164530,Heterokontophyta,1
233265,60,Marattiopsida,Marattiopsida,,5562,Pteridophyta,1
233657,60,Polypodiopsida,Polypodiopsida,,5562,Pteridophyta,1
234435,65,CoreEudicots,CoreEudicots,,234401,Eudicots,1
5549,70,Zingiberidae,Zingiberidae,,5566,Liliopsida,1
5550,70,Asteridae,Asteridae,,5567,Magnoliopsida,1
5551,70,Alismatidae,Alismatidae,,5566,Liliopsida,1
5552,70,Commelinidae,Commelinidae,,5566,Liliopsida,1
5554,70,Magnoliidae,Magnoliidae,,5567,Magnoliopsida,1
5555,70,Rosidae,Rosidae,,5567,Magnoliopsida,1
5556,70,Hamamelidae,Hamamelidae,,5567,Magnoliopsida,1
5557,70,Caryophyllidae,Caryophyllidae,,5567,Magnoliopsida,1
5558,70,Arecidae,Arecidae,,5566,Liliopsida,1
5559,70,Liliidae,Liliidae,,5566,Liliopsida,1
5560,70,Dilleniidae,Dilleniidae,,5567,Magnoliopsida,1
16468,70,Hamamelididae,Hamamelididae,,5567,Magnoliopsida,1
16702,70,Jungermanniidae,Jungermanniidae,,16633,Hepaticopsida,1
16752,70,Marchantiae,Marchantiae,,16703,Hepatopsida,1
16753,70,Jungermanniae,Jungermanniae,,16703,Hepatopsida,1
16811,70,Sphagnidae,Sphagnidae,,16699,Sphagnopsida,1
16812,70,Andreaeidae,Andreaeidae,,16700,Andreaeopsida,1
16814,70,Bryidae,Bryidae,,16698,Bryopsida,1
234392,75,Magnoliids,Magnoliids,,5570,Magnoliophyta,1
234434,75,Commelinids,Commelinids,,234393,Monocots,1
234458,75,Asterids,Asterids,,234435,CoreEudicots,1
234466,75,Rosids,Rosids,,234435,CoreEudicots,1
234473,75,Fabids,Fabids,,234466,Rosids,1
234475,75,Malvids,Malvids,,234466,Rosids,1
234481,75,Campanulids,Campanulids,,234458,Asterids,1
234485,75,Lamiids,Lamiids,,234458,Asterids,1
5477,100,Campanulales,Campanulales,,5550,Asteridae,1
5478,100,Rubiales,Rubiales,,5550,Asteridae,1
5479,100,Orchidales,Orchidales,,5559,Liliidae,1
5480,100,Geraniales,Geraniales,,234475,Malvids,1
5481,100,Linales,Linales,,5555,Rosidae,1
5482,100,Polygalales,Polygalales,,5555,Rosidae,1
5483,100,Violales,Violales,,5560,Dilleniidae,1
5484,100,Apiales,Apiales,,234481,Campanulids,1
5485,100,Callitrichales,Callitrichales,,5550,Asteridae,1
5486,100,Fabales,Fabales,,234473,Fabids,1
5487,100,Pinales,Pinales,,5564,Coniferophyta,1
5488,100,Polypodiales,Polypodiales,,233657,Polypodiopsida,1
5489,100,Solanales,Solanales,,234485,Lamiids,1
5490,100,Salicales,Salicales,,5560,Dilleniidae,1
5491,100,Capparales,Capparales,,5560,Dilleniidae,1
5492,100,Gentianales,Gentianales,,234485,Lamiids,1
5493,100,Psilotales,Psilotales,,16627,Psilotopsida,1
5494,100,Lycopodiales,Lycopodiales,,5563,Lycopodiophyta,1
5495,100,Selaginellales,Selaginellales,,5546,Lycopodiopsida,1
5496,100,Isoetales,Isoetales,,5546,Lycopodiopsida,1
5497,100,Equisetales,Equisetales,,5544,Equisetopsida,1
5498,100,Ophioglossales,Ophioglossales,,5545,Filicopsida,1
5499,100,Alismatales,Alismatales,,234393,Monocots,1
5500,100,Lamiales,Lamiales,,234485,Lamiids,1
5501,100,Hydrocharitales,Hydrocharitales,,5551,Alismatidae,1
5502,100,Najadales,Najadales,,5551,Alismatidae,1
5503,100,Hydropteridales,Hydropteridales,,5545,Filicopsida,1
5504,100,Dipsacales,Dipsacales,,234481,Campanulids,1
5505,100,Asterales,Asterales,,234481,Campanulids,1
5506,100,Commelinales,Commelinales,,234434,Commelinids,1
5507,100,Ericales,Ericales,,234458,Asterids,1
5508,100,Juncales,Juncales,,5552,Commelinidae,1
5509,100,Cyperales,Cyperales,,5552,Commelinidae,1
5510,100,Ebenales,Ebenales,,5560,Dilleniidae,1
5511,100,Primulales,Primulales,,5560,Dilleniidae,1
5512,100,Ephedrales,Ephedrales,,5553,Gnetopsida,1
5513,100,Piperales,Piperales,,234392,Magnoliids,1
5514,100,Aristolochiales,Aristolochiales,,5554,Magnoliidae,1
5515,100,Nymphaeales,Nymphaeales,,234309,AnitaGradeClade1,1
5516,100,Ranunculales,Ranunculales,,234401,Eudicots,1
5517,100,Plantaginales,Plantaginales,,5550,Asteridae,1
5518,100,Scrophulariales,Scrophulariales,,5550,Asteridae,1
5519,100,Haloragales,Haloragales,,5555,Rosidae,1
5520,100,Myrtales,Myrtales,,234475,Malvids,1
5521,100,Papaverales,Papaverales,,5554,Magnoliidae,1
5522,100,Cornales,Cornales,,234458,Asterids,1
5523,100,Santalales,Santalales,,234435,CoreEudicots,1
5524,100,Rafflesiales,Rafflesiales,,5555,Rosidae,1
5525,100,Celastrales,Celastrales,,234473,Fabids,1
5526,100,Polygonales,Polygonales,,5557,Caryophyllidae,1
5527,100,Rosales,Rosales,,234473,Fabids,1
5528,100,Hamamelidales,Hamamelidales,,5556,Hamamelidae,1
5529,100,Urticales,Urticales,,5556,Hamamelidae,1
5530,100,Juglandales,Juglandales,,5556,Hamamelidae,1
5531,100,Fagales,Fagales,,234473,Fabids,1
5532,100,Typhales,Typhales,,5552,Commelinidae,1
5533,100,Bromeliales,Bromeliales,,5549,Zingiberidae,1
5534,100,Caryophyllales,Caryophyllales,,234435,CoreEudicots,1
5535,100,Arecales,Arecales,,234434,Commelinids,1
5536,100,Euphorbiales,Euphorbiales,,5555,Rosidae,1
5537,100,Arales,Arales,,5558,Arecidae,1
5538,100,Liliales,Liliales,,234393,Monocots,1
5539,100,Rhamnales,Rhamnales,,5555,Rosidae,1
5540,100,Plumbaginales,Plumbaginales,,5557,Caryophyllidae,1
5541,100,Theales,Theales,,5560,Dilleniidae,1
5542,100,Sapindales,Sapindales,,234475,Malvids,1
5543,100,Malvales,Malvales,,234475,Malvids,1
16370,100,Cycadales,Cycadales,,16368,Cycadophyta,1
16405,100,Marattiales,Marattiales,,233265,Marattiopsida,1
16406,100,Taxales,Taxales,,5547,Pinopsida,1
16407,100,Zingiberales,Zingiberales,,234434,Commelinids,1
16429,100,Polemoniales,Polemoniales,,5550,Asteridae,1
16430,100,Calycerales,Calycerales,,5550,Asteridae,1
16432,100,Triuridales,Triuridales,,5551,Alismatidae,1
16445,100,Hydatellales,Hydatellales,,5552,Commelinidae,1
16446,100,Eriocaulales,Eriocaulales,,5552,Commelinidae,1
16447,100,Restionales,Restionales,,5552,Commelinidae,1
16466,100,Welwitschiales,Welwitschiales,,5553,Gnetopsida,1
16467,100,Gnetales,Gnetales,,5568,Gnetophyta,1
16469,100,Magnoliales,Magnoliales,,234392,Magnoliids,1
16470,100,Illiciales,Illiciales,,5554,Magnoliidae,1
16471,100,Laurales,Laurales,,234392,Magnoliids,1
16519,100,Proteales,Proteales,,234401,Eudicots,1
16520,100,Podostemales,Podostemales,,5555,Rosidae,1
16521,100,Rhizophorales,Rhizophorales,,5555,Rosidae,1
16536,100,Casuarinales,Casuarinales,,5556,Hamamelidae,1
16537,100,Leitneriales,Leitneriales,,5556,Hamamelidae,1
16538,100,Myricales,Myricales,,5556,Hamamelidae,1
16552,100,Cyclanthales,Cyclanthales,,5558,Arecidae,1
16553,100,Pandanales,Pandanales,,234393,Monocots,1
16571,100,Diapensiales,Diapensiales,,5560,Dilleniidae,1
16572,100,Batales,Batales,,5560,Dilleniidae,1
16573,100,Umbellales,Umbellales,,5560,Dilleniidae,1
16574,100,Sarraceniales,Sarraceniales,,5560,Dilleniidae,1
16575,100,Dilleniales,Dilleniales,,234435,CoreEudicots,1
16576,100,Lecythidales,Lecythidales,,5560,Dilleniidae,1
16577,100,Nepenthales,Nepenthales,,5560,Dilleniidae,1
16612,100,Trochodendrales,Trochodendrales,,234401,Eudicots,1
16613,100,Daphniphyllales,Daphniphyllales,,16468,Hamamelididae,1
16614,100,Didymelales,Didymelales,,16468,Hamamelididae,1
16615,100,Eucommiales,Eucommiales,,16468,Hamamelididae,1
16630,100,Schistostegales,Schistostegales,,16600,Bryophyta,1
16631,100,Dawsoniales,Dawsoniales,,16600,Bryophyta,1
16632,100,Tetraphales,Tetraphales,,16600,Bryophyta,1
16645,100,Cordaitales,Cordaitales,,16465,Cordaitopsida,1
16646,100,Coniferales,Coniferales,,16463,Coniferopsida,1
16701,100,Rhaphoneidales,Rhaphoneidales,,16667,Fragilariophyceae,1
16705,100,Pennales,Pennales,,16666,Bacillariophyceae,1
16706,100,Centrales,Centrales,,16666,Bacillariophyceae,1
16707,100,Gonyaulacales,Gonyaulacales,,16669,Dinophyceae,1
16708,100,Peridiniales,Peridiniales,,16669,Dinophyceae,1
16709,100,Gymnodiniales,Gymnodiniales,,16669,Dinophyceae,1
16710,100,Dinophysiales,Dinophysiales,,16669,Dinophyceae,1
16711,100,Prorocentrales,Prorocentrales,,16669,Dinophyceae,1
16712,100,Suessiales,Suessiales,,16669,Dinophyceae,1
16713,100,Syndiniales,Syndiniales,,16669,Dinophyceae,1
16714,100,Blastodiniales,Blastodiniales,,16669,Dinophyceae,1
16715,100,Thoracosphaerales,Thoracosphaerales,,16669,Dinophyceae,1
16716,100,Actiniscales,Actiniscales,,16669,Dinophyceae,1
16717,100,Brachydiniales,Brachydiniales,,16669,Dinophyceae,1
16718,100,Lophodiniales,Lophodiniales,,16669,Dinophyceae,1
16719,100,Noctilucales,Noctilucales,,16669,Dinophyceae,1
16720,100,Dinotrichales,Dinotrichales,,16669,Dinophyceae,1
16721,100,Phytodiniales,Phytodiniales,,16669,Dinophyceae,1
16722,100,Ptychodiscales,Ptychodiscales,,16669,Dinophyceae,1
16723,100,Anthocerotales,Anthocerotales,,16670,Anthocerotopsida,1
16755,100,Monocleales,Monocleales,,16702,Jungermanniidae,1
16813,100,Polytrichidae,Polytrichidae,,16698,Bryopsida,1
16815,100,Tetraphidae,Tetraphidae,,16698,Bryopsida,1
16816,100,Andreaeobryales,Andreaeobryales,,16812,Andreaeidae,1
16817,100,Andreaeales,Andreaeales,,16812,Andreaeidae,1
16818,100,Metzgeriales,Metzgeriales,,16753,Jungermanniae,1
16819,100,Calobryales,Calobryales,,16753,Jungermanniae,1
16820,100,Jungermanniales,Jungermanniales,,16753,Jungermanniae,1
16821,100,Takakiales,Takakiales,,16753,Jungermanniae,1
16822,100,Sphaerocarpales,Sphaerocarpales,,16752,Marchantiae,1
16823,100,Marchantiales,Marchantiales,,16752,Marchantiae,1
16824,100,Sphagnales,Sphagnales,,16811,Sphagnidae,1
16827,100,Hypnales,Hypnales,,16814,Bryidae,1
16828,100,Seligeriales,Seligeriales,,16814,Bryidae,1
16829,100,Buxbaumiales,Buxbaumiales,,16814,Bryidae,1
16830,100,Encalyptales,Encalyptales,,16814,Bryidae,1
16831,100,Hookeriales,Hookeriales,,16814,Bryidae,1
16832,100,Isobryales,Isobryales,,16814,Bryidae,1
16833,100,Pottiales,Pottiales,,16814,Bryidae,1
16834,100,Fissidentales,Fissidentales,,16814,Bryidae,1
16835,100,Orthotrichales,Orthotrichales,,16814,Bryidae,1
16836,100,Grimmiales,Grimmiales,,16814,Bryidae,1
16839,100,Dicranales,Dicranales,,16814,Bryidae,1
16840,100,Schistostegiales,Schistostegiales,,16814,Bryidae,1
16841,100,Bryales,Bryales,,16814,Bryidae,1
16842,100,Hypnobryales,Hypnobryales,,16814,Bryidae,1
16843,100,Splachnales,Splachnales,,16814,Bryidae,1
16844,100,Funariales,Funariales,,16814,Bryidae,1
16845,100,Archidiales,Archidiales,,16814,Bryidae,1
16846,100,Seligerales,Seligerales,,16814,Bryidae,1
16847,100,Leucodontales,Leucodontales,,16814,Bryidae,1
16848,100,Tetraphidales,Tetraphidales,,16814,Bryidae,1
16849,100,Polytrichales,Polytrichales,,16814,Bryidae,1
32989,100,Ginkgoales,Ginkgoales,,32987,Ginkgophyta,1
164408,100,Asparagales,Asparagales,,234393,Monocots,1
164430,100,Charales,Charales,,164429,Charophyceae,1
164441,100,Achnanthales,Achnanthales,,16666,Bacillariophyceae,1
164442,100,Bacillariales,Bacillariales,,16666,Bacillariophyceae,1
164445,100,Cymbellales,Cymbellales,,16666,Bacillariophyceae,1
164446,100,Fragilariales,Fragilariales,,16666,Bacillariophyceae,1
164447,100,Lyrellales,Lyrellales,,16666,Bacillariophyceae,1
164448,100,Naviculales,Naviculales,,16666,Bacillariophyceae,1
164450,100,Rhopalodiales,Rhopalodiales,,16666,Bacillariophyceae,1
164452,100,Surirellales,Surirellales,,16666,Bacillariophyceae,1
164453,100,Tabellariales,Tabellariales,,16666,Bacillariophyceae,1
164456,100,Chaetophorales,Chaetophorales,,164443,Chlorophyceae,1
164457,100,Chlorellales,Chlorellales,,164454,Trebouxiophyceae,1
164458,100,Chlorococcales,Chlorococcales,,164443,Chlorophyceae,1
164459,100,Cladophorales,Cladophorales,,164455,Ulvophyceae,1
164467,100,Melosirales,Melosirales,,164444,Coscinodiscophyceae,1
164469,100,Microsporales,Microsporales,,164443,Chlorophyceae,1
164470,100,Oedogoniales,Oedogoniales,,164443,Chlorophyceae,1
164471,100,Oocystales,Oocystales,,164454,Trebouxiophyceae,1
164474,100,Prasiolales,Prasiolales,,164454,Trebouxiophyceae,1
164476,100,Sphaeropleales,Sphaeropleales,,164443,Chlorophyceae,1
164479,100,Tetrasporales,Tetrasporales,,164443,Chlorophyceae,1
164480,100,Ulotrichales,Ulotrichales,,164455,Ulvophyceae,1
164481,100,Ulvales,Ulvales,,164455,Ulvophyceae,1
164482,100,Volvocales,Volvocales,,164443,Chlorophyceae,1
164489,100,Batrachospermales,Batrachospermales,,164462,Florideophyceae,1
164491,100,Chaetosphaeridiales,Chaetosphaeridiales,,164468,Mesostigmatophyceae,1
164496,100,Coleochaetales,Coleochaetales,,164461,Coleochaetophyceae,1
164511,100,Zygnematales,Zygnematales,,164483,Zygnematophyceae,1
164538,100,Chroococcales,Chroococcales,,164532,Cyanophyceae,1
164539,100,Euglenales,Euglenales,,164533,Euglenophyceae,1
164540,100,Hydrurales,Hydrurales,,164531,Chrysophyceae,1
164541,100,Mischococcales,Mischococcales,,164534,Xanthophyceae,1
164542,100,Nostocales,Nostocales,,164532,Cyanophyceae,1
164543,100,Oscillatoriales,Oscillatoriales,,164532,Cyanophyceae,1
164544,100,Pseudanabaenales,Pseudanabaenales,,164532,Cyanophyceae,1
164545,100,Synechococcales,Synechococcales,,164532,Cyanophyceae,1
164546,100,Tribonematales,Tribonematales,,164534,Xanthophyceae,1
164547,100,Vaucheriales,Vaucheriales,,164534,Xanthophyceae,1
234315,100,Cyatheales,Cyatheales,,233657,Polypodiopsida,1
234320,100,Gleicheniales,Gleicheniales,,233657,Polypodiopsida,1
234322,100,Hymenophyllales,Hymenophyllales,,233657,Polypodiopsida,1
234334,100,Osmundales,Osmundales,,233657,Polypodiopsida,1
234339,100,Salviniales,Salviniales,,233657,Polypodiopsida,1
234340,100,Schizaeales,Schizaeales,,233657,Polypodiopsida,1
234370,100,Amborellales,Amborellales,,234309,AnitaGradeClade1,1
234385,100,Austrobaileyales,Austrobaileyales,,234371,AnitaGradeClade2,1
234399,100,Canellales,Canellales,,234392,Magnoliids,1
234400,100,Chloranthales,Chloranthales,,5570,Magnoliophyta,1
234406,100,Acorales,Acorales,,234393,Monocots,1
234407,100,Ceratophyllales,Ceratophyllales,,5570,Magnoliophyta,1
234427,100,Dioscoreales,Dioscoreales,,234393,Monocots,1
234441,100,Buxales,Buxales,,234401,Eudicots,1
234442,100,Poales,Poales,,234434,Commelinids,1
234448,100,Gunnerales,Gunnerales,,234435,CoreEudicots,1
234465,100,Berberidopsidales,Berberidopsidales,,234435,CoreEudicots,1
234467,100,Saxifragales,Saxifragales,,234435,CoreEudicots,1
234478,100,Vitales,Vitales,,234435,CoreEudicots,1
234480,100,Brassicales,Brassicales,,234475,Malvids,1
234482,100,Crossosomatales,Crossosomatales,,234475,Malvids,1
234483,100,Cucurbitales,Cucurbitales,,234473,Fabids,1
234484,100,Huerteales,Huerteales,,234475,Malvids,1
234486,100,Malpighiales,Malpighiales,,234473,Fabids,1
234487,100,Oxalidales,Oxalidales,,234473,Fabids,1
234488,100,Picramniales,Picramniales,,234475,Malvids,1
234489,100,Zygophyllales,Zygophyllales,,234473,Fabids,1
234496,100,Aquifoliales,Aquifoliales,,234481,Campanulids,1
234498,100,Boraginales,Boraginales,,234485,Lamiids,1
234499,100,Bruniales,Bruniales,,234481,Campanulids,1
234502,100,Escalloniales,Escalloniales,,234481,Campanulids,1
234504,100,Garryales,Garryales,,234485,Lamiids,1
16865,110,Calobryinae,Calobryinae,,16819,Calobryales,1
16866,110,Takakiinae,Takakiinae,,16819,Calobryales,1
16868,110,Geocalycinae,Geocalycinae,,16820,Jungermanniales,1
16869,110,Cephaloziinae,Cephaloziinae,,16820,Jungermanniales,1
16870,110,Lepidoziinae,Lepidoziinae,,16820,Jungermanniales,1
16871,110,Perssoniellinae,Perssoniellinae,,16820,Jungermanniales,1
16872,110,Balantiopsidnae,Balantiopsidnae,,16820,Jungermanniales,1
16873,110,Ptilidinae,Ptilidinae,,16820,Jungermanniales,1
16874,110,Herbertinae,Herbertinae,,16820,Jungermanniales,1
16875,110,Lepicoleinae,Lepicoleinae,,16820,Jungermanniales,1
16876,110,Jungermanniinae,Jungermanniinae,,16820,Jungermanniales,1
16877,110,Lepidolaeninae,Lepidolaeninae,,16820,Jungermanniales,1
16891,110,Pleuroziinae,Pleuroziinae,,16820,Jungermanniales,1
16893,110,Porellinae,Porellinae,,16820,Jungermanniales,1
16899,110,Radulinae,Radulinae,,16820,Jungermanniales,1
16910,110,Phyllothallinae,Phyllothallinae,,16818,Metzgeriales,1
16911,110,Metzgeriineae,Metzgeriineae,,16818,Metzgeriales,1
16912,110,Codoniineae,Codoniineae,,16818,Metzgeriales,1
16914,110,Marchantiidae,Marchantiidae,,16818,Metzgeriales,1
16918,110,Treubiineae,Treubiineae,,16818,Metzgeriales,1
16935,110,Ricciinae,Ricciinae,,16823,Marchantiales,1
16936,110,Marchantiineae,Marchantiineae,,16823,Marchantiales,1
5317,140,Orobanchaceae,Orobanchaceae,,5500,Lamiales,1
5318,140,Bignoniaceae,Bignoniaceae,,5500,Lamiales,1
5319,140,Acanthaceae,Acanthaceae,,5500,Lamiales,1
5320,140,Lentibulariaceae,Lentibulariaceae,,5500,Lamiales,1
5321,140,Campanulaceae,Campanulaceae,,5505,Asterales,1
5322,140,Iridaceae,Iridaceae,,164408,Asparagales,1
5323,140,Rubiaceae,Rubiaceae,,5492,Gentianales,1
5324,140,Agavaceae,Agavaceae,,5538,Liliales,1
5325,140,Orchidaceae,Orchidaceae,,164408,Asparagales,1
5326,140,Meliaceae,Meliaceae,,5542,Sapindales,1
5327,140,Zygophyllaceae,Zygophyllaceae,,234489,Zygophyllales,1
5328,140,Oxalidaceae,Oxalidaceae,,234487,Oxalidales,1
5329,140,Geraniaceae,Geraniaceae,,5480,Geraniales,1
5330,140,Linaceae,Linaceae,,234486,Malpighiales,1
5331,140,Malpighiaceae,Malpighiaceae,Juss.,234486,Malpighiales,1
5332,140,Violaceae,Violaceae,,234486,Malpighiales,1
5333,140,Aloeaceae,Aloeaceae,,5538,Liliales,1
5334,140,Apiaceae,Apiaceae,,5484,Apiales,1
5335,140,Arecaceae,Arecaceae,,5535,Arecales,1
5336,140,Aspleniaceae,Aspleniaceae,,5488,Polypodiales,1
5337,140,Dryopteridaceae,Dryopteridaceae,,5488,Polypodiales,1
5338,140,Fabaceae,Fabaceae,,5486,Fabales,1
5339,140,Martyniaceae,Martyniaceae,,5500,Lamiales,1
5340,140,Pteridaceae,Pteridaceae,,5488,Polypodiales,1
5341,140,Simmondsiaceae,Simmondsiaceae,,5534,Caryophyllales,1
5342,140,Thelypteridaceae,Thelypteridaceae,,5488,Polypodiales,1
5343,140,Viscaceae,Viscaceae,,5523,Santalales,1
5344,140,Polygalaceae,Polygalaceae,,5486,Fabales,1
5345,140,Krameriaceae,Krameriaceae,,234489,Zygophyllales,1
5346,140,Araliaceae,Araliaceae,,5484,Apiales,1
5347,140,Passifloraceae,Passifloraceae,,234486,Malpighiales,1
5348,140,Bixaceae,Bixaceae,,5543,Malvales,1
5349,140,Tamaricaceae,Tamaricaceae,,5534,Caryophyllales,1
5350,140,Fouquieriaceae,Fouquieriaceae,,5507,Ericales,1
5351,140,Loasaceae,Loasaceae,,5522,Cornales,1
5352,140,Cucurbitaceae,Cucurbitaceae,,234483,Cucurbitales,1
5353,140,Salicaceae,Salicaceae,,234486,Malpighiales,1
5354,140,Capparaceae,Capparaceae,,234480,Brassicales,1
5355,140,Brassicaceae,Brassicaceae,,234480,Brassicales,1
5356,140,Gentianaceae,Gentianaceae,,5492,Gentianales,1
5357,140,Hydrophyllaceae,Hydrophyllaceae,,5489,Solanales,1
5358,140,Psilotaceae,Psilotaceae,,5493,Psilotales,1
5359,140,Lycopodiaceae,Lycopodiaceae,,5494,Lycopodiales,1
5360,140,Selaginellaceae,Selaginellaceae,,5495,Selaginellales,1
5361,140,Isoetaceae,Isoetaceae,,5496,Isoetales,1
5362,140,Equisetaceae,Equisetaceae,,5497,Equisetales,1
5363,140,Ophioglossaceae,Ophioglossaceae,,5498,Ophioglossales,1
5364,140,Alismataceae,Alismataceae,,5499,Alismatales,1
5365,140,Lennoaceae,Lennoaceae,,5500,Lamiales,1
5366,140,Boraginaceae,Boraginaceae,,234498,Boraginales,1
5367,140,Dennstaedtiaceae,Dennstaedtiaceae,,5488,Polypodiales,1
5368,140,Polypodiaceae,Polypodiaceae,,5488,Polypodiales,1
5369,140,Hydrocharitaceae,Hydrocharitaceae,,5499,Alismatales,1
5370,140,Juncaginaceae,Juncaginaceae,,5499,Alismatales,1
5371,140,Najadaceae,Najadaceae,,5502,Najadales,1
5372,140,Poaceae,Poaceae,,234442,Poales,1
5373,140,Blechnaceae,Blechnaceae,,5488,Polypodiales,1
5374,140,Marsileaceae,Marsileaceae,,234339,Salviniales,1
5375,140,Caprifoliaceae,Caprifoliaceae,,5504,Dipsacales,1
5376,140,Valerianaceae,Valerianaceae,,5504,Dipsacales,1
5377,140,Dipsacaceae,Dipsacaceae,,5504,Dipsacales,1
5378,140,Asteraceae,Asteraceae,,5505,Asterales,1
5379,140,Potamogetonaceae,Potamogetonaceae,,5499,Alismatales,1
5380,140,Ruppiaceae,Ruppiaceae,,5499,Alismatales,1
5381,140,Zannichelliaceae,Zannichelliaceae,,5502,Najadales,1
5382,140,Resedaceae,Resedaceae,,234480,Brassicales,1
5383,140,Ericaceae,Ericaceae,,5507,Ericales,1
5384,140,Commelinaceae,Commelinaceae,,5506,Commelinales,1
5385,140,Juncaceae,Juncaceae,,234442,Poales,1
5386,140,Callitrichaceae,Callitrichaceae,,5485,Callitrichales,1
5387,140,Verbenaceae,Verbenaceae,,5500,Lamiales,1
5388,140,Cyperaceae,Cyperaceae,,234442,Poales,1
5389,140,Pyrolaceae,Pyrolaceae,,5507,Ericales,1
5390,140,Monotropaceae,Monotropaceae,,5507,Ericales,1
5391,140,Lamiaceae,Lamiaceae,,5500,Lamiales,1
5392,140,Sapotaceae,Sapotaceae,,5507,Ericales,1
5393,140,Primulaceae,Primulaceae,,5507,Ericales,1
5394,140,Azolliaceae,Azolliaceae,,5503,Hydropteridales,1
5395,140,Pinaceae,Pinaceae,,5487,Pinales,1
5396,140,Cupressaceae,Cupressaceae,,5487,Pinales,1
5397,140,Saururaceae,Saururaceae,,5513,Piperales,1
5398,140,Aristolochiaceae,Aristolochiaceae,,5513,Piperales,1
5399,140,Nymphaeaceae,Nymphaeaceae,,5515,Nymphaeales,1
5400,140,Ceratophyllaceae,Ceratophyllaceae,,234407,Ceratophyllales,1
5401,140,Ranunculaceae,Ranunculaceae,,5516,Ranunculales,1
5402,140,Plantaginaceae,Plantaginaceae,,5500,Lamiales,1
5403,140,Buddlejaceae,Buddlejaceae,,5518,Scrophulariales,1
5404,140,Oleaceae,Oleaceae,,5500,Lamiales,1
5405,140,Haloragaceae,Haloragaceae,,234467,Saxifragales,1
5406,140,Hippuridaceae,Hippuridaceae,,5485,Callitrichales,1
5407,140,Lythraceae,Lythraceae,,5520,Myrtales,1
5408,140,Myrtaceae,Myrtaceae,,5520,Myrtales,1
5409,140,Punicaceae,Punicaceae,,5520,Myrtales,1
5410,140,Onagraceae,Onagraceae,,5520,Myrtales,1
5411,140,Berberidaceae,Berberidaceae,,5516,Ranunculales,1
5412,140,Menispermaceae,Menispermaceae,,5516,Ranunculales,1
5413,140,Papaveraceae,Papaveraceae,,5516,Ranunculales,1
5414,140,Fumariaceae,Fumariaceae,,5521,Papaverales,1
5415,140,Portulacaceae,Portulacaceae,,5534,Caryophyllales,1
5416,140,Combretaceae,Combretaceae,,5520,Myrtales,1
5417,140,Elaeagnaceae,Elaeagnaceae,,5527,Rosales,1
5418,140,Cornaceae,Cornaceae,,5522,Cornales,1
5419,140,Chenopodiaceae,Chenopodiaceae,,5534,Caryophyllales,1
5420,140,Garryaceae,Garryaceae,,234504,Garryales,1
5421,140,Santalaceae,Santalaceae,,5523,Santalales,1
5422,140,Rafflesiaceae,Rafflesiaceae,,5524,Rafflesiales,1
5423,140,Celastraceae,Celastraceae,,5525,Celastrales,1
5424,140,Amaranthaceae,Amaranthaceae,,5534,Caryophyllales,1
5425,140,Polygonaceae,Polygonaceae,,5534,Caryophyllales,1
5426,140,Hydrangeaceae,Hydrangeaceae,,5522,Cornales,1
5427,140,Grossulariaceae,Grossulariaceae,,234467,Saxifragales,1
5428,140,Crassulaceae,Crassulaceae,,234467,Saxifragales,1
5429,140,Saxifragaceae,Saxifragaceae,,234467,Saxifragales,1
5430,140,Rosaceae,Rosaceae,,5527,Rosales,1
5431,140,Scrophulariaceae,Scrophulariaceae,,5500,Lamiales,1
5432,140,Platanaceae,Platanaceae,,16519,Proteales,1
5433,140,Ulmaceae,Ulmaceae,,5527,Rosales,1
5434,140,Moraceae,Moraceae,,5527,Rosales,1
5435,140,Cannabaceae,Cannabaceae,,5527,Rosales,1
5436,140,Urticaceae,Urticaceae,Juss.,5527,Rosales,1
5437,140,Juglandaceae,Juglandaceae,,5531,Fagales,1
5438,140,Fagaceae,Fagaceae,,5531,Fagales,1
5439,140,Betulaceae,Betulaceae,,5531,Fagales,1
5440,140,Sparganiaceae,Sparganiaceae,,5532,Typhales,1
5441,140,Typhaceae,Typhaceae,,234442,Poales,1
5442,140,Bromeliaceae,Bromeliaceae,,234442,Poales,1
5443,140,Phytolaccaceae,Phytolaccaceae,,5534,Caryophyllales,1
5444,140,Nyctaginaceae,Nyctaginaceae,,5534,Caryophyllales,1
5445,140,Euphorbiaceae,Euphorbiaceae,,234486,Malpighiales,1
5446,140,Cactaceae,Cactaceae,,5534,Caryophyllales,1
5447,140,Araceae,Araceae,,5499,Alismatales,1
5448,140,Lemnaceae,Lemnaceae,,5537,Arales,1
5449,140,Pontederiaceae,Pontederiaceae,,5506,Commelinales,1
5450,140,Liliaceae,Liliaceae,,5538,Liliales,1
5451,140,Aizoaceae,Aizoaceae,,5534,Caryophyllales,1
5452,140,Molluginaceae,Molluginaceae,,5534,Caryophyllales,1
5453,140,Caryophyllaceae,Caryophyllaceae,,5534,Caryophyllales,1
5454,140,Rhamnaceae,Rhamnaceae,,5527,Rosales,1
5455,140,Plumbaginaceae,Plumbaginaceae,,5534,Caryophyllales,1
5456,140,Crossosomataceae,Crossosomataceae,,234482,Crossosomatales,1
5457,140,Vitaceae,Vitaceae,,234478,Vitales,1
5458,140,Sapindaceae,Sapindaceae,,5542,Sapindales,1
5459,140,Elatinaceae,Elatinaceae,,234486,Malpighiales,1
5460,140,Clusiaceae,Clusiaceae,,234486,Malpighiales,1
5461,140,Aceraceae,Aceraceae,,5542,Sapindales,1
5462,140,Burseraceae,Burseraceae,,5542,Sapindales,1
5463,140,Anacardiaceae,Anacardiaceae,,5542,Sapindales,1
5464,140,Tiliaceae,Tiliaceae,,5543,Malvales,1
5465,140,Sterculiaceae,Sterculiaceae,,5543,Malvales,1
5466,140,Simaroubaceae,Simaroubaceae,,5542,Sapindales,1
5467,140,Rutaceae,Rutaceae,,5542,Sapindales,1
5468,140,Malvaceae,Malvaceae,,5543,Malvales,1
5469,140,Apocynaceae,Apocynaceae,,5492,Gentianales,1
5470,140,Asclepiadaceae,Asclepiadaceae,,5492,Gentianales,1
5471,140,Solanaceae,Solanaceae,,5489,Solanales,1
5472,140,Convolvulaceae,Convolvulaceae,,5489,Solanales,1
5473,140,Cuscutaceae,Cuscutaceae,,5489,Solanales,1
5474,140,Menyanthaceae,Menyanthaceae,,5505,Asterales,1
5475,140,Polemoniaceae,Polemoniaceae,,5507,Ericales,1
5476,140,Ephedraceae,Ephedraceae,,5512,Ephedrales,1
10996,140,Salviniaceae,Salviniaceae,,234339,Salviniales,1
16366,140,Magnoliaceae,Magnoliaceae,,16469,Magnoliales,1
16371,140,Cycadaceae,Cycadaceae,,16370,Cycadales,1
16372,140,Brunoniaceae,Brunoniaceae,,5477,Campanulales,1
16373,140,Goodeniaceae,Goodeniaceae,,5505,Asterales,1
16375,140,Sphenocleaceae,Sphenocleaceae,,5489,Solanales,1
16376,140,Pentaphragmataceae,Pentaphragmataceae,,5477,Campanulales,1
16377,140,Burmanniaceae,Burmanniaceae,,234427,Dioscoreales,1
16378,140,Corsiaceae,Corsiaceae,,5538,Liliales,1
16379,140,Geosiridaceae,Geosiridaceae,,5479,Orchidales,1
16380,140,Tropaeolaceae,Tropaeolaceae,,234480,Brassicales,1
16381,140,Balsaminaceae,Balsaminaceae,,5507,Ericales,1
16382,140,Limnanthaceae,Limnanthaceae,,234480,Brassicales,1
16383,140,Humiriaceae,Humiriaceae,,234486,Malpighiales,1
16384,140,Erythroxylaceae,Erythroxylaceae,,234486,Malpighiales,1
16385,140,Tremandraceae,Tremandraceae,,5482,Polygalales,1
16386,140,Xanthophyllaceae,Xanthophyllaceae,,5482,Polygalales,1
16387,140,Vochysiaceae,Vochysiaceae,,5520,Myrtales,1
16388,140,Trigoniaceae,Trigoniaceae,,234486,Malpighiales,1
16389,140,Begoniaceae,Begoniaceae,,234483,Cucurbitales,1
16390,140,Cochlospermaceae,Cochlospermaceae,,5543,Malvales,1
16391,140,Ancistrocladaceae,Ancistrocladaceae,,5483,Violales,1
16392,140,Dioncophyllaceae,Dioncophyllaceae,,5483,Violales,1
16393,140,Datiscaceae,Datiscaceae,,234483,Cucurbitales,1
16394,140,Scyphostegiaceae,Scyphostegiaceae,,5483,Violales,1
16395,140,Peridiscaceae,Peridiscaceae,,5483,Violales,1
16396,140,Caricaceae,Caricaceae,,234480,Brassicales,1
16397,140,Malesherbiaceae,Malesherbiaceae,,5483,Violales,1
16398,140,Frankeniaceae,Frankeniaceae,,5534,Caryophyllales,1
16399,140,Turneraceae,Turneraceae,,5483,Violales,1
16400,140,Achariaceae,Achariaceae,,234486,Malpighiales,1
16401,140,Cistaceae,Cistaceae,,5543,Malvales,1
16402,140,Flacourtiaceae,Flacourtiaceae,,5483,Violales,1
16403,140,Hoplestigmataceae,Hoplestigmataceae,,5483,Violales,1
16408,140,Podocarpaceae,Podocarpaceae,,5487,Pinales,1
16409,140,Taxodiaceae,Taxodiaceae,,5487,Pinales,1
16410,140,Araucariaceae,Araucariaceae,,5487,Pinales,1
16411,140,Cephalotaxaceae,Cephalotaxaceae,,5487,Pinales,1
16412,140,Hymenophyllaceae,Hymenophyllaceae,,234322,Hymenophyllales,1
16413,140,Cyatheaceae,Cyatheaceae,,234315,Cyatheales,1
16414,140,Schizaeaceae,Schizaeaceae,,234340,Schizaeales,1
16415,140,Grammitidaceae,Grammitidaceae,,5488,Polypodiales,1
16416,140,Ceratopteridaceae,Ceratopteridaceae,,5488,Polypodiales,1
16417,140,Lygodiaceae,Lygodiaceae,,234340,Schizaeales,1
16418,140,Davalliaceae,Davalliaceae,,5488,Polypodiales,1
16419,140,Anemiaceae,Anemiaceae,,234340,Schizaeales,1
16420,140,Parkeriaceae,Parkeriaceae,,5488,Polypodiales,1
16421,140,Gleicheniaceae,Gleicheniaceae,,234320,Gleicheniales,1
16422,140,Lophosoriaceae,Lophosoriaceae,,5488,Polypodiales,1
16423,140,Vittariaceae,Vittariaceae,,5488,Polypodiales,1
16424,140,Dicksoniaceae,Dicksoniaceae,,234315,Cyatheales,1
16425,140,Osmundaceae,Osmundaceae,,234334,Osmundales,1
16426,140,Moringaceae,Moringaceae,,234480,Brassicales,1
16427,140,Tovariaceae,Tovariaceae,,234480,Brassicales,1
16431,140,Loganiaceae,Loganiaceae,,5492,Gentianales,1
16433,140,Limnocharitaceae,Limnocharitaceae,,5499,Alismatales,1
16434,140,Butomaceae,Butomaceae,,5499,Alismatales,1
16435,140,Phrymaceae,Phrymaceae,,5500,Lamiales,1
16436,140,Pedaliaceae,Pedaliaceae,,5500,Lamiales,1
16437,140,Zosteraceae,Zosteraceae,,5499,Alismatales,1
16438,140,Posidoniaceae,Posidoniaceae,,5499,Alismatales,1
16439,140,Scheuchzeriaceae,Scheuchzeriaceae,,5499,Alismatales,1
16440,140,Aponogetonaceae,Aponogetonaceae,,5499,Alismatales,1
16441,140,Cymodoceaceae,Cymodoceaceae,,5499,Alismatales,1
16442,140,Azollaceae,Azollaceae,,5503,Hydropteridales,1
16444,140,Adoxaceae,Adoxaceae,,5504,Dipsacales,1
16448,140,Rapateaceae,Rapateaceae,,234442,Poales,1
16449,140,Mayacaceae,Mayacaceae,,234442,Poales,1
16450,140,Xyridaceae,Xyridaceae,,234442,Poales,1
16451,140,Clethraceae,Clethraceae,,5507,Ericales,1
16452,140,Epacridaceae,Epacridaceae,,5507,Ericales,1
16453,140,Empetraceae,Empetraceae,,5507,Ericales,1
16454,140,Cyrillaceae,Cyrillaceae,,5507,Ericales,1
16455,140,Thurniaceae,Thurniaceae,,234442,Poales,1
16456,140,Symplocaceae,Symplocaceae,,5507,Ericales,1
16457,140,Ebenaceae,Ebenaceae,,5507,Ericales,1
16458,140,Lissocarpaceae,Lissocarpaceae,,5510,Ebenales,1
16459,140,Styracaceae,Styracaceae,,5507,Ericales,1
16460,140,Theophrastaceae,Theophrastaceae,,5511,Primulales,1
16461,140,Myrsinaceae,Myrsinaceae,,5511,Primulales,1
16462,140,Zamiaceae,Zamiaceae,,16370,Cycadales,1
16472,140,Chloranthaceae,Chloranthaceae,,234400,Chloranthales,1
16473,140,Piperaceae,Piperaceae,,5513,Piperales,1
16474,140,Cabombaceae,Cabombaceae,,5515,Nymphaeales,1
16475,140,Nelumbonaceae,Nelumbonaceae,,16519,Proteales,1
16476,140,Lardizabalaceae,Lardizabalaceae,,5516,Ranunculales,1
16477,140,Coriariaceae,Coriariaceae,,234483,Cucurbitales,1
16478,140,Circaeasteraceae,Circaeasteraceae,,5516,Ranunculales,1
16479,140,Sabiaceae,Sabiaceae,,5516,Ranunculales,1
16480,140,Hydrostachyaceae,Hydrostachyaceae,,5518,Scrophulariales,1
16481,140,Globulariaceae,Globulariaceae,,5518,Scrophulariales,1
16482,140,Gesneriaceae,Gesneriaceae,,5500,Lamiales,1
16483,140,Myoporaceae,Myoporaceae,,5518,Scrophulariales,1
16484,140,Halorrhagidaceae,Halorrhagidaceae,,5519,Haloragales,1
16485,140,Theligonaceae,Theligonaceae,,5519,Haloragales,1
16486,140,Gunneraceae,Gunneraceae,,234448,Gunnerales,1
16487,140,Thymelaeaceae,Thymelaeaceae,,5543,Malvales,1
16488,140,Crypteroniaceae,Crypteroniaceae,,5520,Myrtales,1
16489,140,Dialypetalanthaceae,Dialypetalanthaceae,,5520,Myrtales,1
16490,140,Melastomataceae,Melastomataceae,Juss.,5520,Myrtales,1
16491,140,Peneaceae,Peneaceae,,5520,Myrtales,1
16492,140,Oliniaceae,Oliniaceae,,5520,Myrtales,1
16493,140,Trapaceae,Trapaceae,,5520,Myrtales,1
16494,140,Alangiaceae,Alangiaceae,,5522,Cornales,1
16495,140,Davidiaceae,Davidiaceae,,5522,Cornales,1
16496,140,Nyssaceae,Nyssaceae,,5522,Cornales,1
16497,140,Eremolepidaceae,Eremolepidaceae,,5523,Santalales,1
16498,140,Opiliaceae,Opiliaceae,,5523,Santalales,1
16499,140,Grubbiaceae,Grubbiaceae,,5523,Santalales,1
16500,140,Loranthaceae,Loranthaceae,,5523,Santalales,1
16501,140,Cynomoriaceae,Cynomoriaceae,,5523,Santalales,1
16502,140,Medusandraceae,Medusandraceae,,5523,Santalales,1
16503,140,Dipentodontaceae,Dipentodontaceae,,234484,Huerteales,1
16504,140,Olacaceae,Olacaceae,,5523,Santalales,1
16505,140,Misodendraceae,Misodendraceae,,5523,Santalales,1
16506,140,Balanophoraceae,Balanophoraceae,,5523,Santalales,1
16507,140,Hydnoraceae,Hydnoraceae,,5513,Piperales,1
16508,140,Mitrastemonaceae,Mitrastemonaceae,,5524,Rafflesiales,1
16510,140,Hippocrateaceae,Hippocrateaceae,,5525,Celastrales,1
16511,140,Aquifoliaceae,Aquifoliaceae,,234496,Aquifoliales,1
16512,140,Stackhousiaceae,Stackhousiaceae,,5525,Celastrales,1
16513,140,Siphonodontaceae,Siphonodontaceae,,5525,Celastrales,1
16514,140,Corynocarpaceae,Corynocarpaceae,,234483,Cucurbitales,1
16515,140,Icacinaceae,Icacinaceae,,234498,Boraginales,1
16516,140,Cardiopteridaceae,Cardiopteridaceae,,234496,Aquifoliales,1
16517,140,Geissolomataceae,Geissolomataceae,,5525,Celastrales,1
16518,140,Salvadoraceae,Salvadoraceae,,234480,Brassicales,1
16522,140,Brunelliaceae,Brunelliaceae,,234487,Oxalidales,1
16523,140,Cephalotaceae,Cephalotaceae,,5527,Rosales,1
16524,140,Surianaceae,Surianaceae,,5486,Fabales,1
16525,140,Connaraceae,Connaraceae,,234487,Oxalidales,1
16526,140,Eucryphiaceae,Eucryphiaceae,,5527,Rosales,1
16527,140,Alseuosmiaceae,Alseuosmiaceae,,5527,Rosales,1
16528,140,Chrysobalanaceae,Chrysobalanaceae,,234486,Malpighiales,1
16529,140,Columelliaceae,Columelliaceae,,234499,Bruniales,1
16530,140,Neuradaceae,Neuradaceae,,5527,Rosales,1
16531,140,Byblidaceae,Byblidaceae,,5527,Rosales,1
16532,140,Pittosporaceae,Pittosporaceae,,5484,Apiales,1
16533,140,Davidsoniaceae,Davidsoniaceae,,5527,Rosales,1
16534,140,Cunoniaceae,Cunoniaceae,,234487,Oxalidales,1
16535,140,Bruniaceae,Bruniaceae,,234499,Bruniales,1
16539,140,Didymelaceae,Didymelaceae,,5528,Hamamelidales,1
16540,140,Myrothamnaceae,Myrothamnaceae,,5528,Hamamelidales,1
16541,140,Eupteleaceae,Eupteleaceae,,5528,Hamamelidales,1
16542,140,Cercidiphyllaceae,Cercidiphyllaceae,,234467,Saxifragales,1
16543,140,Hamamelidaceae,Hamamelidaceae,,234467,Saxifragales,1
16544,140,Cecropiaceae,Cecropiaceae,,5529,Urticales,1
16545,140,Barbeyaceae,Barbeyaceae,,5529,Urticales,1
16546,140,Rhoipteleaceae,Rhoipteleaceae,,5530,Juglandales,1
16547,140,Picrodendraceae,Picrodendraceae,,234486,Malpighiales,1
16548,140,Balanopaceae,Balanopaceae,,5531,Fagales,1
16549,140,Didiereaceae,Didiereaceae,,5534,Caryophyllales,1
16550,140,Basellaceae,Basellaceae,,5534,Caryophyllales,1
16551,140,Achatocarpaceae,Achatocarpaceae,,5534,Caryophyllales,1
16554,140,Aextoxicaceae,Aextoxicaceae,,234465,Berberidopsidales,1
16555,140,Pandaceae,Pandaceae,,5536,Euphorbiales,1
16556,140,Daphniphyllaceae,Daphniphyllaceae,,5536,Euphorbiales,1
16557,140,Buxaceae,Buxaceae,,234441,Buxales,1
16558,140,Acoraceae,Acoraceae,,234406,Acorales,1
16559,140,Xanthorrhoeaceae,Xanthorrhoeaceae,,164408,Asparagales,1
16560,140,Smilacaceae,Smilacaceae,,5538,Liliales,1
16561,140,Hanguanaceae,Hanguanaceae,,5506,Commelinales,1
16562,140,Stemonaceae,Stemonaceae,,16553,Pandanales,1
16563,140,Amaryllidaceae,Amaryllidaceae,,164408,Asparagales,1
16564,140,Dioscoreaceae,Dioscoreaceae,,234427,Dioscoreales,1
16565,140,Cyanastraceae,Cyanastraceae,,5538,Liliales,1
16566,140,Taccaceae,Taccaceae,,5538,Liliales,1
16567,140,Philydraceae,Philydraceae,,5506,Commelinales,1
16568,140,Haemodoraceae,Haemodoraceae,,5506,Commelinales,1
16569,140,Velloziaceae,Velloziaceae,,16553,Pandanales,1
16570,140,Leeaceae,Leeaceae,,5539,Rhamnales,1
16578,140,Stachyuraceae,Stachyuraceae,,234482,Crossosomatales,1
16579,140,Actinidiaceae,Actinidiaceae,,5507,Ericales,1
16580,140,Rhopalocarpaceae,Rhopalocarpaceae,,5541,Theales,1
16581,140,Marcgraviaceae,Marcgraviaceae,,5507,Ericales,1
16582,140,Caryocaraceae,Caryocaraceae,,234486,Malpighiales,1
16583,140,Quiinaceae,Quiinaceae,,5541,Theales,1
16584,140,Theaceae,Theaceae,,5507,Ericales,1
16585,140,Sarcolaenaceae,Sarcolaenaceae,,5541,Theales,1
16586,140,Ochnaceae,Ochnaceae,,234486,Malpighiales,1
16587,140,Medusagynaceae,Medusagynaceae,,5541,Theales,1
16588,140,Dipterocarpaceae,Dipterocarpaceae,,5543,Malvales,1
16589,140,Staphyleaceae,Staphyleaceae,,234482,Crossosomatales,1
16590,140,Akaniaceae,Akaniaceae,,5542,Sapindales,1
16591,140,Stylobasiaceae,Stylobasiaceae,,5542,Sapindales,1
16592,140,Melianthaceae,Melianthaceae,,5480,Geraniales,1
16593,140,Julianaceae,Julianaceae,,5542,Sapindales,1
16594,140,Cneoraceae,Cneoraceae,,5542,Sapindales,1
16595,140,Hippocastanaceae,Hippocastanaceae,,5542,Sapindales,1
16596,140,Greyiaceae,Greyiaceae,,5542,Sapindales,1
16597,140,Elaeocarpaceae,Elaeocarpaceae,,234487,Oxalidales,1
16598,140,Scytopetalaceae,Scytopetalaceae,,5543,Malvales,1
16599,140,Bombacaceae,Bombacaceae,,5543,Malvales,1
16616,140,Calyceraceae,Calyceraceae,,5505,Asterales,1
16617,140,Schisandraceae,Schisandraceae,,234385,Austrobaileyales,1
16618,140,Illiciaceae,Illiciaceae,,16470,Illiciales,1
16619,140,Lauraceae,Lauraceae,,16471,Laurales,1
16620,140,Calycanthaceae,Calycanthaceae,,16471,Laurales,1
16621,140,Hernandiaceae,Hernandiaceae,,16471,Laurales,1
16622,140,Monimiaceae,Monimiaceae,,16471,Laurales,1
16623,140,Sarraceniaceae,Sarraceniaceae,,5507,Ericales,1
16624,140,Nepenthaceae,Nepenthaceae,,5534,Caryophyllales,1
16625,140,Droseraceae,Droseraceae,,5534,Caryophyllales,1
16626,140,Rhizophoraceae,Rhizophoraceae,,234486,Malpighiales,1
16628,140,Marattiaceae,Marattiaceae,,16405,Marattiales,1
16635,140,Triuridaceae,Triuridaceae,,16553,Pandanales,1
16636,140,Petrosaviaceae,Petrosaviaceae,,16432,Triuridales,1
16637,140,Eriocaulaceae,Eriocaulaceae,,234442,Poales,1
16638,140,Anarthriaceae,Anarthriaceae,,16447,Restionales,1
16639,140,Joinvilleaceae,Joinvilleaceae,,234442,Poales,1
16640,140,Centrolepidaceae,Centrolepidaceae,,234442,Poales,1
16641,140,Ecdeiocoleaceae,Ecdeiocoleaceae,,16447,Restionales,1
16642,140,Flagellariaceae,Flagellariaceae,,234442,Poales,1
16643,140,Restionaceae,Restionaceae,,234442,Poales,1
16644,140,Diapensiaceae,Diapensiaceae,,5507,Ericales,1
16647,140,Taxaceae,Taxaceae,,5487,Pinales,1
16648,140,Gnetaceae,Gnetaceae,,16467,Gnetales,1
16649,140,Welwitschiaceae,Welwitschiaceae,,16466,Welwitschiales,1
16650,140,Eupomatiaceae,Eupomatiaceae,,16469,Magnoliales,1
16651,140,Amborellaceae,Amborellaceae,,234370,Amborellales,1
16652,140,Trimeniaceae,Trimeniaceae,,234385,Austrobaileyales,1
16653,140,Gomortegaceae,Gomortegaceae,,16471,Laurales,1
16654,140,Sonneratiaceae,Sonneratiaceae,,16469,Magnoliales,1
16655,140,Myristicaceae,Myristicaceae,,16469,Magnoliales,1
16656,140,Himantandraceae,Himantandraceae,,16469,Magnoliales,1
16657,140,Degeneriaceae,Degeneriaceae,,16469,Magnoliales,1
16658,140,Winteraceae,Winteraceae,,234399,Canellales,1
16659,140,Lactoridaceae,Lactoridaceae,,5513,Piperales,1
16660,140,Austrobaileyaceae,Austrobaileyaceae,,16469,Magnoliales,1
16661,140,Annonaceae,Annonaceae,,16469,Magnoliales,1
16662,140,Canellaceae,Canellaceae,,234399,Canellales,1
16663,140,Podostemonaceae,Podostemonaceae,,16520,Podostemales,1
16664,140,Podostemaceae,Podostemaceae,,234486,Malpighiales,1
16665,140,Proteaceae,Proteaceae,,16519,Proteales,1
16668,140,Bataceae,Bataceae,,234480,Brassicales,1
16671,140,Leitneriaceae,Leitneriaceae,,16537,Leitneriales,1
16672,140,Myricaceae,Myricaceae,,5531,Fagales,1
16673,140,Marantaceae,Marantaceae,,16407,Zingiberales,1
16674,140,Musaceae,Musaceae,,16407,Zingiberales,1
16675,140,Cannaceae,Cannaceae,,16407,Zingiberales,1
16676,140,Heliconiaceae,Heliconiaceae,,16407,Zingiberales,1
16677,140,Zingiberaceae,Zingiberaceae,,16407,Zingiberales,1
16678,140,Strelitziaceae,Strelitziaceae,,16407,Zingiberales,1
16679,140,Lowiaceae,Lowiaceae,,16407,Zingiberales,1
16680,140,Costaceae,Costaceae,,16407,Zingiberales,1
16681,140,Casuarinaceae,Casuarinaceae,,5531,Fagales,1
16682,140,Cyclanthaceae,Cyclanthaceae,,16553,Pandanales,1
16683,140,Pandanaceae,Pandanaceae,,16553,Pandanales,1
16684,140,Dilleniaceae,Dilleniaceae,,16575,Dilleniales,1
16685,140,Paeoniaceae,Paeoniaceae,,234467,Saxifragales,1
16686,140,Lecythidaceae,Lecythidaceae,,5507,Ericales,1
16687,140,Nolanaceae,Nolanaceae,,16429,Polemoniales,1
16704,140,Abietaceae,Abietaceae,,16646,Coniferales,1
16724,140,Tetracentraceae,Tetracentraceae,,16612,Trochodendrales,1
16725,140,Trochodendraceae,Trochodendraceae,,16612,Trochodendrales,1
16726,140,Eucommiaceae,Eucommiaceae,,16615,Eucommiales,1
16727,140,Phytodiniaceae,Phytodiniaceae,,16721,Phytodiniales,1
16728,140,Dinotrichaceae,Dinotrichaceae,,16720,Dinotrichales,1
16729,140,Pyrocystaceae,Pyrocystaceae,,16707,Gonyaulacales,1
16730,140,Ostreopsidaceae,Ostreopsidaceae,,16707,Gonyaulacales,1
16731,140,Ceratocoryaceae,Ceratocoryaceae,,16707,Gonyaulacales,1
16732,140,Crypthecodiniaceae,Crypthecodiniaceae,,16707,Gonyaulacales,1
16733,140,Protoperidinaceae,Protoperidinaceae,,16707,Gonyaulacales,1
16734,140,Calciodinellaceae,Calciodinellaceae,,16707,Gonyaulacales,1
16735,140,Thecadiniaceae,Thecadiniaceae,,16707,Gonyaulacales,1
16736,140,Oxytoxaceae,Oxytoxaceae,,16707,Gonyaulacales,1
16737,140,Cladopyxidaceae,Cladopyxidaceae,,16707,Gonyaulacales,1
16738,140,Goniodomataceae,Goniodomataceae,,16707,Gonyaulacales,1
16739,140,Ceratiaceae,Ceratiaceae,,16707,Gonyaulacales,1
16740,140,Heterodiniaceae,Heterodiniaceae,,16707,Gonyaulacales,1
16741,140,Gonyaulacaceae,Gonyaulacaceae,,16707,Gonyaulacales,1
16742,140,Pyrophacaceae,Pyrophacaceae,,16707,Gonyaulacales,1
16743,140,Symbiodiniaceae,Symbiodiniaceae,,16712,Suessiales,1
16744,140,Ptychodiscaceae,Ptychodiscaceae,,16722,Ptychodiscales,1
16745,140,Leptodiscaceae,Leptodiscaceae,,16719,Noctilucales,1
16746,140,Kofoidiniaceae,Kofoidiniaceae,,16719,Noctilucales,1
16747,140,Noctilucaceae,Noctilucaceae,,16719,Noctilucales,1
16748,140,Lophodiniaceae,Lophodiniaceae,,16718,Lophodiniales,1
16749,140,Brachydiniaceae,Brachydiniaceae,,16717,Brachydiniales,1
16750,140,Actiniscaceae,Actiniscaceae,,16716,Actiniscales,1
16751,140,Thoracosphaeraceae,Thoracosphaeraceae,,16715,Thoracosphaerales,1
16754,140,Rhaphoneidaceae,Rhaphoneidaceae,,16701,Rhaphoneidales,1
16756,140,Actinodiscaceae,Actinodiscaceae,,16706,Centrales,1
16757,140,Chaetocerotaceae,Chaetocerotaceae,,16706,Centrales,1
16758,140,Cymatosiraceae,Cymatosiraceae,,16706,Centrales,1
16759,140,Pyxillaceae,Pyxillaceae,,16706,Centrales,1
16760,140,Thalassionemataceae,Thalassionemataceae,,16706,Centrales,1
16761,140,Rhizosoleniaceae,Rhizosoleniaceae,,16706,Centrales,1
16762,140,Melosiraceae,Melosiraceae,,16706,Centrales,1
16763,140,Chaetoceraceae,Chaetoceraceae,,16706,Centrales,1
16764,140,Biddulphiaceae,Biddulphiaceae,,16706,Centrales,1
16765,140,Eupodiscaceae,Eupodiscaceae,,16706,Centrales,1
16766,140,Asterolampraceae,Asterolampraceae,,16706,Centrales,1
16767,140,Coscinodiscaceae,Coscinodiscaceae,,16706,Centrales,1
16768,140,Thalassiosiraceae,Thalassiosiraceae,,16706,Centrales,1
16769,140,Oxyphysaceae,Oxyphysaceae,,16711,Prorocentrales,1
16770,140,Prorocentraceae,Prorocentraceae,,16711,Prorocentrales,1
16771,140,Dinophysiaceae,Dinophysiaceae,,16710,Dinophysiales,1
16772,140,Amphisoleniaceae,Amphisoleniaceae,,16710,Dinophysiales,1
16773,140,Warnowiaceae,Warnowiaceae,,16709,Gymnodiniales,1
16774,140,Gymnodiniaceae,Gymnodiniaceae,,16709,Gymnodiniales,1
16775,140,Syndiniaceae,Syndiniaceae,,16708,Peridiniales,1
16776,140,Podolampaceae,Podolampaceae,,16708,Peridiniales,1
16777,140,Glenodiniopsidaceae,Glenodiniopsidaceae,,16708,Peridiniales,1
16778,140,Kolkwitziellaceae,Kolkwitziellaceae,,16708,Peridiniales,1
16779,140,Triadiniaceae,Triadiniaceae,,16708,Peridiniales,1
16780,140,Coccidinaceae,Coccidinaceae,,16708,Peridiniales,1
16781,140,Haplozoonaceae,Haplozoonaceae,,16708,Peridiniales,1
16782,140,Blastodiniaceae,Blastodiniaceae,,16708,Peridiniales,1
16783,140,Oodiniaceae,Oodiniaceae,,16708,Peridiniales,1
16784,140,Endodiniaceae,Endodiniaceae,,16708,Peridiniales,1
16785,140,Paradiniaceae,Paradiniaceae,,16708,Peridiniales,1
16786,140,Protoceratiaceae,Protoceratiaceae,,16708,Peridiniales,1
16787,140,Glenodiniaceae,Glenodiniaceae,,16708,Peridiniales,1
16788,140,Peridiniaceae,Peridiniaceae,,16708,Peridiniales,1
16789,140,Ptychochscaceae,Ptychochscaceae,,16708,Peridiniales,1
16790,140,Amphilothaceae,Amphilothaceae,,16708,Peridiniales,1
16791,140,Pronoctilucaceae,Pronoctilucaceae,,16708,Peridiniales,1
16792,140,Polykrikaceae,Polykrikaceae,,16708,Peridiniales,1
16793,140,Archaeosphaerodiniopsidaceae,Archaeosphaerodiniopsidaceae,,16708,Peridiniales,1
16794,140,Podolampadaceae,Podolampadaceae,,16708,Peridiniales,1
16795,140,Dinosphaeraceae,Dinosphaeraceae,,16708,Peridiniales,1
16796,140,Achnanthaceae,Achnanthaceae,,16705,Pennales,1
16797,140,Bacillariaceae,Bacillariaceae,,164442,Bacillariales,1
16798,140,Surirellaceae,Surirellaceae,,164452,Surirellales,1
16799,140,Epithemiaceae,Epithemiaceae,,16705,Pennales,1
16800,140,Diatomaceae,Diatomaceae,,16705,Pennales,1
16801,140,Cymbellaceae,Cymbellaceae,,164445,Cymbellales,1
16802,140,Gomphonemaceae,Gomphonemaceae,,16705,Pennales,1
16803,140,Entomoneidaceae,Entomoneidaceae,,16705,Pennales,1
16804,140,Naviculaceae,Naviculaceae,,164448,Naviculales,1
16805,140,Nitzschiaceae,Nitzschiaceae,,16705,Pennales,1
16806,140,Codoniaceae,Codoniaceae,,16723,Anthocerotales,1
16807,140,Anthocerotaceae,Anthocerotaceae,,16723,Anthocerotales,1
16808,140,Dendrocerotaceae,Dendrocerotaceae,,16723,Anthocerotales,1
16809,140,Notothyladaceae,Notothyladaceae,,16723,Anthocerotales,1
16810,140,Anthoceratoaceae,Anthoceratoaceae,,16723,Anthocerotales,1
16825,140,Monocleaceae,Monocleaceae,,16755,Monocleales,1
16826,140,Calomniaceae,Calomniaceae,,16815,Tetraphidae,1
16850,140,Cryphaeaceae,Cryphaeaceae,,16847,Leucodontales,1
16851,140,Anomodontaceae,Anomodontaceae,,16847,Leucodontales,1
16852,140,Leptodontaceae,Leptodontaceae,,16847,Leucodontales,1
16853,140,Climaciaceae,Climaciaceae,,16847,Leucodontales,1
16854,140,Pterobryaceae,Pterobryaceae,,16847,Leucodontales,1
16855,140,Neckeraceae,Neckeraceae,,16847,Leucodontales,1
16856,140,Meteoriaceae,Meteoriaceae,,16847,Leucodontales,1
16857,140,Hedwigiaceae,Hedwigiaceae,,16847,Leucodontales,1
16858,140,Leucodontaceae,Leucodontaceae,,16847,Leucodontales,1
16859,140,Schistostegaceae,Schistostegaceae,,16840,Schistostegiales,1
16860,140,Seligeriaceae,Seligeriaceae,,16846,Seligerales,1
16861,140,Takakiaceae,Takakiaceae,,16821,Takakiales,1
16862,140,Andreaeobryaceae,Andreaeobryaceae,,16816,Andreaeobryales,1
16863,140,Tetraphidaceae,Tetraphidaceae,,16848,Tetraphidales,1
16864,140,Polytrichaceae,Polytrichaceae,,16849,Polytrichales,1
16867,140,Haplomitriaceae,Haplomitriaceae,,16819,Calobryales,1
16878,140,Arnelliaceae,Arnelliaceae,,16820,Jungermanniales,1
16879,140,Chonecoleaceae,Chonecoleaceae,,16820,Jungermanniales,1
16880,140,Cephaloziellaceae,Cephaloziellaceae,,16820,Jungermanniales,1
16881,140,Adelanthaceae,Adelanthaceae,,16820,Jungermanniales,1
16882,140,Cephaloziaceae,Cephaloziaceae,,16820,Jungermanniales,1
16883,140,Antheliaceae,Antheliaceae,,16820,Jungermanniales,1
16884,140,Lepidoziaceae,Lepidoziaceae,,16820,Jungermanniales,1
16885,140,Trichocoleaceae,Trichocoleaceae,,16820,Jungermanniales,1
16886,140,Mastigophoraceae,Mastigophoraceae,,16820,Jungermanniales,1
16887,140,Pseudolepicoleaceae,Pseudolepicoleaceae,,16820,Jungermanniales,1
16888,140,Herbertaceae,Herbertaceae,,16820,Jungermanniales,1
16889,140,Porellaceae,Porellaceae,,16820,Jungermanniales,1
16890,140,Geocalycaceae,Geocalycaceae,,16820,Jungermanniales,1
16892,140,Gyrothyraceae,Gyrothyraceae,,16820,Jungermanniales,1
16894,140,Ptilidiaceae,Ptilidiaceae,,16820,Jungermanniales,1
16895,140,Radulaceae,Radulaceae,,16820,Jungermanniales,1
16896,140,Calypogeiaceae,Calypogeiaceae,,16820,Jungermanniales,1
16897,140,Calypogejaceae,Calypogejaceae,,16820,Jungermanniales,1
16898,140,Lophocoleaceae,Lophocoleaceae,,16820,Jungermanniales,1
16900,140,Jubulaceae,Jubulaceae,,16820,Jungermanniales,1
16901,140,Plagiochilaceae,Plagiochilaceae,,16820,Jungermanniales,1
16902,140,Pleuroziaceae,Pleuroziaceae,,16820,Jungermanniales,1
16903,140,Scapaniaceae,Scapaniaceae,,16820,Jungermanniales,1
16904,140,Gymnomitriaceae,Gymnomitriaceae,,16820,Jungermanniales,1
16905,140,Jungermanniaceae,Jungermanniaceae,,16820,Jungermanniales,1
16906,140,Mesoptychiaceae,Mesoptychiaceae,,16820,Jungermanniales,1
16907,140,Acrobolbaceae,Acrobolbaceae,,16820,Jungermanniales,1
16908,140,Lejeuneaceae,Lejeuneaceae,,16820,Jungermanniales,1
16909,140,Allisoniaceae,Allisoniaceae,,16818,Metzgeriales,1
16913,140,Treubiaceae,Treubiaceae,,16818,Metzgeriales,1
16915,140,Blasiaceae,Blasiaceae,,16818,Metzgeriales,1
16916,140,Pelliaceae,Pelliaceae,,16818,Metzgeriales,1
16917,140,Aneuraceae,Aneuraceae,,16818,Metzgeriales,1
16919,140,Pallaviciniaceae,Pallaviciniaceae,,16818,Metzgeriales,1
16920,140,Fossombroniaceae,Fossombroniaceae,,16818,Metzgeriales,1
16921,140,Metzgeriaceae,Metzgeriaceae,,16818,Metzgeriales,1
16922,140,Riellaceae,Riellaceae,,16822,Sphaerocarpales,1
16923,140,Sphaerocarpaceae,Sphaerocarpaceae,,16822,Sphaerocarpales,1
16924,140,Reillaceae,Reillaceae,,16822,Sphaerocarpales,1
16925,140,Ricciaceae,Ricciaceae,,16823,Marchantiales,1
16926,140,Targioniaceae,Targioniaceae,,16823,Marchantiales,1
16927,140,Marchantiaceae,Marchantiaceae,,16823,Marchantiales,1
16928,140,Monosoleniaceae,Monosoleniaceae,,16823,Marchantiales,1
16929,140,Conocephalaceae,Conocephalaceae,,16823,Marchantiales,1
16930,140,Cleveaceae,Cleveaceae,,16823,Marchantiales,1
16931,140,Lunulariaceae,Lunulariaceae,,16823,Marchantiales,1
16932,140,Corsiniaceae,Corsiniaceae,,16823,Marchantiales,1
16933,140,Aytoniaceae,Aytoniaceae,,16823,Marchantiales,1
16934,140,Oxymitraceae,Oxymitraceae,,16823,Marchantiales,1
16937,140,Sphagnaceae,Sphagnaceae,,16824,Sphagnales,1
16938,140,Andreaeaceae,Andreaeaceae,,16817,Andreaeales,1
16939,140,Archidiaceae,Archidiaceae,,16845,Archidiales,1
16940,140,Ephemeraceae,Ephemeraceae,,16844,Funariales,1
16941,140,Funariaceae,Funariaceae,,16844,Funariales,1
16942,140,Oedipodiaceae,Oedipodiaceae,,16844,Funariales,1
16943,140,Gigaspermaceae,Gigaspermaceae,,16844,Funariales,1
16944,140,Splachnobryaceae,Splachnobryaceae,,16844,Funariales,1
16945,140,Splachnaceae,Splachnaceae,,16844,Funariales,1
16946,140,Disceliaceae,Disceliaceae,,16844,Funariales,1
16947,140,Helicophyllaceae,Helicophyllaceae,,16835,Orthotrichales,1
16948,140,Microtheciellaceae,Microtheciellaceae,,16835,Orthotrichales,1
16949,140,Rhachitheciaceae,Rhachitheciaceae,,16835,Orthotrichales,1
16950,140,Orthotrichaceae,Orthotrichaceae,,16835,Orthotrichales,1
16951,140,Erpodiaceae,Erpodiaceae,,16835,Orthotrichales,1
16952,140,Aulacomniaceae,Aulacomniaceae,,16841,Bryales,1
16953,140,Racopilaceae,Racopilaceae,,16841,Bryales,1
16954,140,Bryaceae,Bryaceae,,16841,Bryales,1
16955,140,Spiridentaceae,Spiridentaceae,,16841,Bryales,1
16956,140,Meesiaceae,Meesiaceae,,16841,Bryales,1
16957,140,Lembophyllaceae,Lembophyllaceae,,16841,Bryales,1
16958,140,Catoscopiaceae,Catoscopiaceae,,16841,Bryales,1
16959,140,Hypopterygiaceae,Hypopterygiaceae,,16841,Bryales,1
16961,140,Bartramiaceae,Bartramiaceae,,16841,Bryales,1
16962,140,Timmiaceae,Timmiaceae,,16841,Bryales,1
16963,140,Mitteniaceae,Mitteniaceae,,16841,Bryales,1
16964,140,Rhizogoniaceae,Rhizogoniaceae,,16841,Bryales,1
16965,140,Mniaceae,Mniaceae,,16841,Bryales,1
16966,140,Leptostomaceae,Leptostomaceae,,16841,Bryales,1
16967,140,Pseudoditrichaceae,Pseudoditrichaceae,,16841,Bryales,1
16968,140,Hypnodendraceae,Hypnodendraceae,,16841,Bryales,1
16969,140,Echinodiaceae,Echinodiaceae,,16842,Hypnobryales,1
16970,140,Leskeaceae,Leskeaceae,,16827,Hypnales,1
16971,140,Sematophyllaceae,Sematophyllaceae,,16827,Hypnales,1
16972,140,Hylocomiaceae,Hylocomiaceae,,16827,Hypnales,1
16973,140,Helodiaceae,Helodiaceae,,16827,Hypnales,1
16974,140,Pleuroziopsidaceae,Pleuroziopsidaceae,,16827,Hypnales,1
16975,140,Rhytidiaceae,Rhytidiaceae,,16827,Hypnales,1
16976,140,Hypnaceae,Hypnaceae,,16827,Hypnales,1
16977,140,Plagiotheciaceae,Plagiotheciaceae,,16827,Hypnales,1
16978,140,Brachytheciaceae,Brachytheciaceae,,16827,Hypnales,1
16979,140,Myriniaceae,Myriniaceae,,16827,Hypnales,1
16980,140,Thuidiaceae,Thuidiaceae,,16827,Hypnales,1
16981,140,Pterigynandraceae,Pterigynandraceae,,16827,Hypnales,1
16982,140,Stereophyllaceae,Stereophyllaceae,,16827,Hypnales,1
16983,140,Thamnobryaceae,Thamnobryaceae,,16827,Hypnales,1
16984,140,Theliaceae,Theliaceae,,16827,Hypnales,1
16985,140,Fabroniaceae,Fabroniaceae,,16827,Hypnales,1
16986,140,Entodontaceae,Entodontaceae,,16827,Hypnales,1
16987,140,Amblystegiaceae,Amblystegiaceae,,16827,Hypnales,1
16988,140,Phyllogoniaceae,Phyllogoniaceae,,16832,Isobryales,1
16989,140,Fontinalaceae,Fontinalaceae,,16832,Isobryales,1
16990,140,Hydropogonaceae,Hydropogonaceae,,16832,Isobryales,1
16991,140,Wardiaceae,Wardiaceae,,16832,Isobryales,1
16992,140,Regmatodontaceae,Regmatodontaceae,,16832,Isobryales,1
16993,140,Prionodontaceae,Prionodontaceae,,16832,Isobryales,1
16994,140,Lepyrodontaceae,Lepyrodontaceae,,16832,Isobryales,1
16995,140,Rutenbergiaceae,Rutenbergiaceae,,16832,Isobryales,1
16996,140,Ptychomniaceae,Ptychomniaceae,,16832,Isobryales,1
16997,140,Cyrtopodaceae,Cyrtopodaceae,,16832,Isobryales,1
16998,140,Trachypodaceae,Trachypodaceae,,16832,Isobryales,1
16999,140,Callicostaceae,Callicostaceae,,16831,Hookeriales,1
17000,140,Daltoniaceae,Daltoniaceae,,16831,Hookeriales,1
17001,140,Hookeriaceae,Hookeriaceae,,16831,Hookeriales,1
17002,140,Ephemeropsidaceae,Ephemeropsidaceae,,16831,Hookeriales,1
17003,140,Diphysciaceae,Diphysciaceae,,16829,Buxbaumiales,1
17004,140,Buxbaumiaceae,Buxbaumiaceae,,16829,Buxbaumiales,1
17005,140,Encalyptaceae,Encalyptaceae,,16833,Pottiales,1
17006,140,Calymperaceae,Calymperaceae,,16833,Pottiales,1
17007,140,Pottiaceae,Pottiaceae,,16833,Pottiales,1
17008,140,Bryobartramiaceae,Bryobartramiaceae,,16833,Pottiales,1
17009,140,Ditrichaceae,Ditrichaceae,,16839,Dicranales,1
17010,140,Dicranaceae,Dicranaceae,,16839,Dicranales,1
17011,140,Nanobryaceae,Nanobryaceae,,16839,Dicranales,1
17012,140,Viridivelleraceae,Viridivelleraceae,,16839,Dicranales,1
17013,140,Bryoxiphiaceae,Bryoxiphiaceae,,16839,Dicranales,1
17014,140,Eustichiaceae,Eustichiaceae,,16839,Dicranales,1
17015,140,Sorapillaceae,Sorapillaceae,,16839,Dicranales,1
17016,140,Phyllodrepaniaceae,Phyllodrepaniaceae,,16839,Dicranales,1
17017,140,Dicnemonaceae,Dicnemonaceae,,16839,Dicranales,1
17018,140,Pleurophascaceae,Pleurophascaceae,,16839,Dicranales,1
17019,140,Leucobryaceae,Leucobryaceae,,16839,Dicranales,1
17020,140,Bruchiaceae,Bruchiaceae,,16839,Dicranales,1
17021,140,Rhabdoweisiaceae,Rhabdoweisiaceae,,16839,Dicranales,1
17022,140,Fissidentaceae,Fissidentaceae,,16834,Fissidentales,1
17023,140,Scouleriaceae,Scouleriaceae,,16836,Grimmiales,1
17024,140,Grimmiaceae,Grimmiaceae,,16836,Grimmiales,1
17025,140,Ptychomitriaceae,Ptychomitriaceae,,16836,Grimmiales,1
17026,140,Vetaformaceae,Vetaformaceae,,16875,Lepicoleinae,1
17027,140,Chaetocoleaceae,Chaetocoleaceae,,16874,Herbertinae,1
17028,140,Herzogiariaceae,Herzogiariaceae,,16874,Herbertinae,1
17029,140,Ptiliaceae,Ptiliaceae,,16873,Ptilidinae,1
17030,140,Chaetophyllopsaceae,Chaetophyllopsaceae,,16873,Ptilidinae,1
17031,140,Lepidolaenaceae,Lepidolaenaceae,,16877,Lepidolaeninae,1
17032,140,Neotrichocoleaceae,Neotrichocoleaceae,,16877,Lepidolaeninae,1
17033,140,Isotachidaceae,Isotachidaceae,,16872,Balantiopsidnae,1
17034,140,Schistochilaceae,Schistochilaceae,,16871,Perssoniellinae,1
17035,140,Phycolepidoziaceae,Phycolepidoziaceae,,16870,Lepidoziinae,1
17036,140,Jackiellaceae,Jackiellaceae,,16869,Cephaloziinae,1
17037,140,Lophoziaceae,Lophoziaceae,,16876,Jungermanniinae,1
17038,140,Metzgeriopsaceae,Metzgeriopsaceae,,16893,Porellinae,1
17039,140,Goebeliellaceae,Goebeliellaceae,,16893,Porellinae,1
17040,140,Makinoaceae,Makinoaceae,,16911,Metzgeriineae,1
17041,140,Verdoorniaceae,Verdoorniaceae,,16911,Metzgeriineae,1
17042,140,Pallavicinaceae,Pallavicinaceae,,16911,Metzgeriineae,1
17043,140,Hymenophytaceae,Hymenophytaceae,,16911,Metzgeriineae,1
17044,140,Phyllothalliaceae,Phyllothalliaceae,,16910,Phyllothallinae,1
17045,140,Exormothecaceae,Exormothecaceae,,16936,Marchantiineae,1
17046,140,Carrpaceae,Carrpaceae,,16936,Marchantiineae,1
17047,140,Aulacommiaceae,Aulacommiaceae,,16841,Bryales,1
19011,140,Aloaceae,Aloaceae,,5538,Liliales,1
19012,140,Plagiogyriaceae,Plagiogyriaceae,,234315,Cyatheales,1
32990,140,Ginkgoaceae,Ginkgoaceae,,32989,Ginkgoales,1
34031,140,Capparidaceae,Capparidaceae,,5543,Malvales,1
34032,140,Cleomaceae,Cleomaceae,,234480,Brassicales,1
34033,140,Koeberliniaceae,Koeberliniaceae,,234480,Brassicales,1
151597,140,Alliaceae,Alliaceae,,5571,Plantae,1
151937,140,Asphodelaceae,Asphodelaceae,,5571,Plantae,1
153655,140,Escalloniaceae,Escalloniaceae,,234502,Escalloniales,1
154132,140,Helotiaceae,Helotiaceae,,5571,Plantae,1
154831,140,Metaxyaceae,Metaxyaceae,,234315,Cyatheales,1
154923,140,Montiniaceae,Montiniaceae,,5489,Solanales,1
155244,140,Penaeaceae,Penaeaceae,,5571,Plantae,1
156455,140,Stylidiaceae,Stylidiaceae,,5505,Asterales,1
156500,140,Tecophilaceae,Tecophilaceae,,5571,Plantae,1
156638,140,Trilliaceae,Trilliaceae,,5571,Plantae,1
164409,140,Asparagaceae,Asparagaceae,,164408,Asparagales,1
164410,140,Hypoxidaceae,Hypoxidaceae,R. Br.,164408,Asparagales,1
164411,140,Melanthiaceae,Melanthiaceae,Batsch ex Borkh.,5538,Liliales,1
164431,140,Characeae,Characeae,,164430,Charales,1
164460,140,Cocconeidaceae,Cocconeidaceae,,164441,Achnanthales,1
164463,140,Fragilariaceae,Fragilariaceae,,164446,Fragilariales,1
164464,140,Gomphonemataceae,Gomphonemataceae,,164445,Cymbellales,1
164466,140,Lyrellaceae,Lyrellaceae,,164447,Lyrellales,1
164472,140,Pinnulariaceae,Pinnulariaceae,,164448,Naviculales,1
164473,140,Pleurosigmataceae,Pleurosigmataceae,,164448,Naviculales,1
164475,140,Rhopalodiaceae,Rhopalodiaceae,,164450,Rhopalodiales,1
164477,140,Stauroneidaceae,Stauroneidaceae,,164448,Naviculales,1
164478,140,Tabellariaceae,Tabellariaceae,,164453,Tabellariales,1
164487,140,Ankistrodesmaceae,Ankistrodesmaceae,,164476,Sphaeropleales,1
164488,140,Aphanochaetaceae,Aphanochaetaceae,,164456,Chaetophorales,1
164490,140,Chaetophoraceae,Chaetophoraceae,,164456,Chaetophorales,1
164492,140,Characiaceae,Characiaceae,,164458,Chlorococcales,1
164493,140,Chlamydomonadaceae,Chlamydomonadaceae,,164482,Volvocales,1
164494,140,Chlorellaceae,Chlorellaceae,,164457,Chlorellales,1
164495,140,Cladophoraceae,Cladophoraceae,,164459,Cladophorales,1
164497,140,Dunaliellaceae,Dunaliellaceae,,164482,Volvocales,1
164498,140,Gomontiaceae,Gomontiaceae,,164480,Ulotrichales,1
164499,140,Goniaceae,Goniaceae,,164482,Volvocales,1
164500,140,Hydrodictyaceae,Hydrodictyaceae,,164476,Sphaeropleales,1
164501,140,Microsporaceae,Microsporaceae,,164469,Microsporales,1
164502,140,Oedogoniaceae,Oedogoniaceae,,164470,Oedogoniales,1
164503,140,Oocystaceae,Oocystaceae,,164457,Chlorellales,1
164504,140,Palmellaceae,Palmellaceae,,164479,Tetrasporales,1
164505,140,Palmellopsidaceae,Palmellopsidaceae,,164479,Tetrasporales,1
164506,140,Scenedesmaceae,Scenedesmaceae,,164476,Sphaeropleales,1
164507,140,Tetrasporaceae,Tetrasporaceae,,164479,Tetrasporales,1
164508,140,Ulotrichaceae,Ulotrichaceae,,164480,Ulotrichales,1
164509,140,Ulvaceae,Ulvaceae,,164481,Ulvales,1
164510,140,Volvocaceae,Volvocaceae,,164482,Volvocales,1
164518,140,Batrachospermaceae,Batrachospermaceae,,164489,Batrachospermales,1
164519,140,Chaetosphaeridiaceae,Chaetosphaeridiaceae,,164496,Coleochaetales,1
164520,140,Closteriaceae,Closteriaceae,,164511,Zygnematales,1
164521,140,Coleochaetaceae,Coleochaetaceae,,164496,Coleochaetales,1
164522,140,Desmidiaceae,Desmidiaceae,,164511,Zygnematales,1
164523,140,Mesotaeniaceae,Mesotaeniaceae,,164511,Zygnematales,1
164524,140,Zygnemataceae,Zygnemataceae,,164511,Zygnematales,1
164553,140,Characiopsidaceae,Characiopsidaceae,,164541,Mischococcales,1
164554,140,Chroococcaceae,Chroococcaceae,,164538,Chroococcales,1
164555,140,Cyanobacteriaceae,Cyanobacteriaceae,,164538,Chroococcales,1
164556,140,Euglenaceae,Euglenaceae,,164539,Euglenales,1
164557,140,Gomphosphaeriaceae,Gomphosphaeriaceae,,164538,Chroococcales,1
164558,140,Hydruraceae,Hydruraceae,,164540,Hydrurales,1
164559,140,Merismopediaceae,Merismopediaceae,,164545,Synechococcales,1
164560,140,Microchaetaceae,Microchaetaceae,,164542,Nostocales,1
164561,140,Microcystaceae,Microcystaceae,,164538,Chroococcales,1
164562,140,Nostocaceae,Nostocaceae,,164542,Nostocales,1
164563,140,Ophiocytiaceae,Ophiocytiaceae,,164541,Mischococcales,1
164564,140,Oscillatoriaceae,Oscillatoriaceae,,164541,Mischococcales,1
164565,140,Phormidiaceae,Phormidiaceae,,164543,Oscillatoriales,1
164566,140,Pseudanabaenaceae,Pseudanabaenaceae,,164544,Pseudanabaenales,1
164567,140,Rivulariaceae,Rivulariaceae,,164542,Nostocales,1
164568,140,Schizotrichaceae,Schizotrichaceae,,164543,Oscillatoriales,1
164569,140,Scytonemataceae,Scytonemataceae,,164542,Nostocales,1
164570,140,Stigonemataceae,Stigonemataceae,,164542,Nostocales,1
164571,140,Tribonemataceae,Tribonemataceae,,164546,Tribonematales,1
164572,140,Vaucheriaceae,Vaucheriaceae,,164547,Vaucheriales,1
165373,140,Nothofagaceae,Nothofagaceae,,5531,Fagales,1
167085,140,Woodsiaceae,Woodsiaceae,Herter,5488,Polypodiales,1
167300,140,Sciadopityaceae,Sciadopityaceae,Luerss.,5487,Pinales,1
167567,140,Tetrachondraceae,Tetrachondraceae,Wettstein   ,5500,Lamiales,1
232320,140,Alzateaceae,Alzateaceae,,5520,Myrtales,1
232338,140,Anacampserotaceae,Anacampserotaceae,,5534,Caryophyllales,1
232376,140,Aptandraceae,Aptandraceae,,5523,Santalales,1
232384,140,Argophyllaceae,Argophyllaceae,,5505,Asterales,1
232402,140,Asteliaceae,Asteliaceae,,164408,Asparagales,1
232408,140,Atherospermataceae,Atherospermataceae,,16471,Laurales,1
232464,140,Boryaceae,Boryaceae,,164408,Asparagales,1
232494,140,Calceolariaceae,Calceolariaceae,,5500,Lamiales,1
232554,140,Cervantesiaceae,Cervantesiaceae,,5523,Santalales,1
232585,140,Chlorococcaceae,Chlorococcaceae,,164458,Chlorococcales,1
232627,140,Colchicaceae,Colchicaceae,,5538,Liliales,1
232653,140,Coulaceae,Coulaceae,,5523,Santalales,1
232707,140,Cytinaceae,Cytinaceae,,5543,Malvales,1
232800,140,Doryanthaceae,Doryanthaceae,,164408,Asparagales,1
232880,140,Erythropalaceae,Erythropalaceae,,5523,Santalales,1
232949,140,Gelsemiaceae,Gelsemiaceae,,5492,Gentianales,1
232959,140,Gisekiaceae,Gisekiaceae,,5534,Caryophyllales,1
232979,140,Griseliniaceae,Griseliniaceae,,5484,Apiales,1
233066,140,Hyacinthaceae,Hyacinthaceae,,164408,Asparagales,1
233071,140,Hydroleaceae,Hydroleaceae,,5489,Solanales,1
233170,140,Lepidobotryaceae,Lepidobotryaceae,,5525,Celastrales,1
233194,140,Linderniaceae,Linderniaceae,,5500,Lamiales,1
233197,140,Lindsaeaceae,Lindsaeaceae,,5488,Polypodiales,1
233206,140,Lomariopsidaceae,Lomariopsidaceae,,5488,Polypodiales,1
233339,140,Monostromataceae,Monostromataceae,,164481,Ulvales,1
233341,140,Montiaceae,Montiaceae,,5534,Caryophyllales,1
233358,140,Muntingiaceae,Muntingiaceae,,5543,Malvales,1
233372,140,Nanodeaceae,Nanodeaceae,,5523,Santalales,1
233414,140,Nitrariaceae,Nitrariaceae,,5542,Sapindales,1
233441,140,Oleandraceae,Oleandraceae,,5488,Polypodiales,1
233448,140,Onocleaceae,Onocleaceae,,5488,Polypodiales,1
233535,140,Paulowniaceae,Paulowniaceae,,5500,Lamiales,1
233551,140,Pentaphylacaceae,Pentaphylacaceae,,5507,Ericales,1
233580,140,Philesiaceae,Philesiaceae,,5538,Liliales,1
233638,140,Plocospermataceae,Plocospermataceae,,5500,Lamiales,1
233742,140,Quillajaceae,Quillajaceae,,5486,Fabales,1
233817,140,Saccolomataceae,Saccolomataceae,,5488,Polypodiales,1
233831,140,Sarcobataceae,Sarcobataceae,,5534,Caryophyllales,1
233854,140,Schlegeliaceae,Schlegeliaceae,,5500,Lamiales,1
233858,140,Schoepfiaceae,Schoepfiaceae,,5523,Santalales,1
233878,140,Selenastraceae,Selenastraceae,,164476,Sphaeropleales,1
233904,140,Siparunaceae,Siparunaceae,,16471,Laurales,1
233948,140,Stangeriaceae,Stangeriaceae,,16370,Cycadales,1
233950,140,Stegnospermataceae,Stegnospermataceae,,5534,Caryophyllales,1
233977,140,Stilbaceae,Stilbaceae,,5500,Lamiales,1
233985,140,Strombosiaceae,Strombosiaceae,,5523,Santalales,1
234011,140,Talinaceae,Talinaceae,,5534,Caryophyllales,1
234019,140,Tecophilaeaceae,Tecophilaeaceae,,164408,Asparagales,1
234020,140,Tectariaceae,Tectariaceae,,5488,Polypodiales,1
234031,140,Tetrameristaceae,Tetrameristaceae,,5507,Ericales,1
234049,140,Ticodendraceae,Ticodendraceae,,5531,Fagales,1
234056,140,Tofieldiaceae,Tofieldiaceae,,5499,Alismatales,1
234146,140,Vivianiaceae,Vivianiaceae,,5480,Geraniales,1
234181,140,Xanthoceraceae,Xanthoceraceae,,5542,Sapindales,1
234372,140,Cibotiaceae,Cibotiaceae,,234315,Cyatheales,1
234373,140,Culcitaceae,Culcitaceae,,234315,Cyatheales,1
234374,140,Dipteridaceae,Dipteridaceae,,234320,Gleicheniales,1
234375,140,Loxomataceae,Loxomataceae,,234315,Cyatheales,1
234376,140,Thyrsopteridaceae,Thyrsopteridaceae,,234315,Cyatheales,1
234436,140,Nartheciaceae,Nartheciaceae,,234427,Dioscoreales,1
234472,140,Berberidopsidaceae,Berberidopsidaceae,,234465,Berberidopsidales,1
234474,140,Iteaceae,Iteaceae,,234467,Saxifragales,1
234494,140,Anisophylleaceae,Anisophylleaceae,,234483,Cucurbitales,1
234495,140,Apodanthaceae,Apodanthaceae,,234483,Cucurbitales,1
234497,140,Bonnetiaceae,Bonnetiaceae,,234486,Malpighiales,1
234500,140,Calophyllaceae,Calophyllaceae,,234486,Malpighiales,1
234501,140,Dichapetalaceae,Dichapetalaceae,,234486,Malpighiales,1
234503,140,Euphroniaceae,Euphroniaceae,,234486,Malpighiales,1
234505,140,Goupiaceae,Goupiaceae,,234486,Malpighiales,1
234506,140,Guamatelaceae,Guamatelaceae,,234482,Crossosomatales,1
234507,140,Hypericaceae,Hypericaceae,,234486,Malpighiales,1
234508,140,Ixonanthaceae,Ixonanthaceae,,234486,Malpighiales,1
234509,140,Lacistemataceae,Lacistemataceae,,234486,Malpighiales,1
234510,140,Lophopyxidaceae,Lophopyxidaceae,,234486,Malpighiales,1
234511,140,Peraceae,Peraceae,,234486,Malpighiales,1
234512,140,Phyllanthaceae,Phyllanthaceae,,234486,Malpighiales,1
234513,140,Picramniaceae,Picramniaceae,,234488,Picramniales,1
234514,140,Putranjivaceae,Putranjivaceae,,234486,Malpighiales,1
234515,140,Setchellanthaceae,Setchellanthaceae,,234480,Brassicales,1
234541,140,Metteniusaceae,Metteniusaceae,,234498,Boraginales,1
234542,140,Phyllonomaceae,Phyllonomaceae,,234496,Aquifoliales,1
234545,140,Stemonuraceae,Stemonuraceae,,234496,Aquifoliales,1
